level_id,mode,success,nodes,runtime,solution_len,calls_total,calls_uncached,deadlock_hits,comparable_states,hungarian_lt_gnn,hungarian_eq_gnn,gnn_lt_hungarian
sokoban_core/levels/letslogic_solved/0006_microban_01.txt#43,optimal_mix,True,1,0.013173103332519531,1,2,2,0,2,0,1,1
sokoban_core/levels/letslogic_solved/0006_microban_01.txt#55,optimal_mix,True,16,0.022481203079223633,6,51,51,18,33,31,1,1
sokoban_core/levels/letslogic_solved/0006_microban_01.txt#25,optimal_mix,True,101,0.05970406532287598,10,222,222,81,141,140,0,1
sokoban_core/levels/letslogic_solved/0001_member_levels.txt#596,optimal_mix,True,1742,0.8758809566497803,43,3007,3007,1172,1835,1835,0,0
sokoban_core/levels/letslogic_solved/0009_boxxle_01.txt#7,optimal_mix,True,1024,0.9727091789245605,16,2612,2612,519,2093,1978,0,115
sokoban_core/levels/letslogic_solved/0009_boxxle_01.txt#10,optimal_mix,True,2052,1.205165147781372,18,3941,3939,1387,2552,2489,1,62
sokoban_core/levels/letslogic_solved/0001_member_levels.txt#2,optimal_mix,True,3159,1.595494031906128,51,5745,5745,2439,3306,3303,2,1
sokoban_core/levels/letslogic_solved/0011_v2009.txt#91,optimal_mix,True,1995,1.0250449180603027,41,4197,4185,1910,2275,2067,2,206
sokoban_core/levels/letslogic_solved/0001_member_levels.txt#24,optimal_mix,True,6197,3.068692922592163,53,9431,9427,3138,6289,6216,1,72
sokoban_core/levels/letslogic_solved/0012_microban_02.txt#38,optimal_mix,True,181,0.0988762378692627,13,316,316,99,217,199,2,16
sokoban_core/levels/letslogic_solved/0012_microban_02.txt#15,optimal_mix,True,949,0.4369010925292969,24,1529,1529,490,1039,990,1,48
sokoban_core/levels/letslogic_solved/0012_microban_02.txt#64,optimal_mix,True,145,0.14175105094909668,9,482,481,207,274,255,1,18
sokoban_core/levels/letslogic_solved/0012_microban_02.txt#56,optimal_mix,True,794,0.48433780670166016,14,1674,1674,528,1146,1130,0,16
sokoban_core/levels/letslogic_solved/0006_microban_01.txt#59,optimal_mix,True,7591,4.0168821811676025,44,10731,10726,3036,7690,7206,1,483
sokoban_core/levels/letslogic_solved/0009_boxxle_01.txt#20,optimal_mix,True,5599,4.13526177406311,26,11050,11050,3472,7578,7427,0,151
sokoban_core/levels/letslogic_solved/0013_sasquatch_01.txt#13,optimal_mix,True,6140,4.747574090957642,15,12789,12771,3118,9653,9645,1,7
sokoban_core/levels/letslogic_solved/0011_v2009.txt#84,optimal_mix,True,13659,7.507333993911743,43,23178,23155,8553,14602,14581,1,20
sokoban_core/levels/letslogic_solved/0011_v2009.txt#77,optimal_mix,True,21679,11.381489038467407,48,31138,31133,8845,22288,22269,0,19
sokoban_core/levels/letslogic_solved/0017_sasquatch_05.txt#2,optimal_mix,True,15746,8.978372812271118,39,23644,23623,7158,16465,16394,1,70
sokoban_core/levels/letslogic_solved/0029_mini_cosmos.txt#31,optimal_mix,True,85,0.03922700881958008,20,148,148,58,90,89,1,0
sokoban_core/levels/letslogic_solved/0030_micro_cosmos.txt#31,optimal_mix,True,1003,0.49820590019226074,20,1823,1823,736,1087,1081,0,6
sokoban_core/levels/letslogic_solved/0030_micro_cosmos.txt#36,optimal_mix,True,6819,3.435422897338867,49,9404,9404,2533,6871,6871,0,0
sokoban_core/levels/letslogic_solved/0031_nabo_cosmos.txt#0,optimal_mix,True,3766,1.8642606735229492,19,7614,7608,3512,4096,4065,1,30
sokoban_core/levels/letslogic_solved/0026_sasquatch_09.txt#3,optimal_mix,True,30073,22.077505111694336,23,67575,67557,25351,42206,42202,1,3
sokoban_core/levels/letslogic_solved/0031_nabo_cosmos.txt#4,optimal_mix,True,3056,1.7172839641571045,24,4913,4910,1511,3399,3380,1,18
sokoban_core/levels/letslogic_solved/0031_nabo_cosmos.txt#39,optimal_mix,True,46691,25.351587057113647,42,85364,85323,38296,47027,46999,2,26
sokoban_core/levels/letslogic_solved/0023_grigr_2001.txt#55,optimal_mix,True,50284,45.892894983291626,22,134041,133797,47622,86175,86159,1,15
sokoban_core/levels/letslogic_solved/0033_strategy.txt#14,optimal_mix,True,35680,30.144479990005493,31,71458,71353,21478,49875,48325,1,1549
sokoban_core/levels/letslogic_solved/0011_v2009.txt#152,optimal_mix,True,176890,92.521479845047,104,245304,245284,68294,176990,176574,2,414
sokoban_core/levels/letslogic_solved/0033_strategy.txt#47,optimal_mix,True,1,0.010210037231445312,1,6,6,0,6,2,1,3
sokoban_core/levels/letslogic_solved/0037_anomaly_1.txt#17,optimal_mix,True,9235,4.845271110534668,28,17682,17669,8045,9624,9578,0,46
sokoban_core/levels/letslogic_solved/0037_anomaly_1.txt#2,optimal_mix,True,1132,0.8402128219604492,12,2606,2604,732,1872,1872,0,0
sokoban_core/levels/letslogic_solved/0033_strategy.txt#24,optimal_mix,True,34028,26.88758087158203,20,60598,60555,13680,46875,46542,1,332
sokoban_core/levels/letslogic_solved/0037_anomaly_1.txt#3,optimal_mix,True,3373,1.806865930557251,25,7029,7024,3106,3918,3600,3,315
sokoban_core/levels/letslogic_solved/0001_member_levels.txt#7,optimal_mix,True,207576,114.2298538684845,92,286976,286913,76786,210127,209806,1,320
sokoban_core/levels/letslogic_solved/0039_novoban.txt#11,optimal_mix,True,78,0.04676198959350586,12,159,159,50,109,104,3,2
sokoban_core/levels/letslogic_solved/0039_novoban.txt#14,optimal_mix,True,40,0.02366328239440918,12,74,74,28,46,46,0,0
sokoban_core/levels/letslogic_solved/0039_novoban.txt#4,optimal_mix,True,43,0.024845123291015625,10,83,83,26,57,57,0,0
sokoban_core/levels/letslogic_solved/0041_loma.txt#12,optimal_mix,True,286,0.12337899208068848,19,532,532,209,323,321,1,1
sokoban_core/levels/letslogic_solved/0041_loma.txt#15,optimal_mix,True,479,0.23735308647155762,15,820,820,248,572,569,2,1
sokoban_core/levels/letslogic_solved/0041_loma.txt#26,optimal_mix,True,437,0.2613410949707031,17,773,772,233,539,516,0,23
sokoban_core/levels/letslogic_solved/0041_loma.txt#31,optimal_mix,True,1155,0.6237318515777588,34,1659,1659,439,1220,1217,2,1
sokoban_core/levels/letslogic_solved/0041_loma.txt#47,optimal_mix,True,349,0.19266200065612793,12,781,780,303,477,472,0,5
sokoban_core/levels/letslogic_solved/0041_loma.txt#48,optimal_mix,True,169,0.08453083038330078,22,370,370,183,187,186,1,0
sokoban_core/levels/letslogic_solved/0038_anomaly_2.txt#3,optimal_mix,True,3356,2.8263511657714844,19,9558,9539,3647,5892,5788,4,100
sokoban_core/levels/letslogic_solved/0047_choriban.txt#10,optimal_mix,True,259,0.12007403373718262,17,474,474,139,335,250,1,84
sokoban_core/levels/letslogic_solved/0047_choriban.txt#18,optimal_mix,True,237,0.10426807403564453,21,449,449,173,276,257,0,19
sokoban_core/levels/letslogic_solved/0047_choriban.txt#54,optimal_mix,True,243,0.12230396270751953,18,473,473,145,328,149,2,177
sokoban_core/levels/letslogic_solved/0047_choriban.txt#36,optimal_mix,True,810,0.373394250869751,20,1518,1505,481,1024,959,1,64
sokoban_core/levels/letslogic_solved/0050_picolevels.txt#27,optimal_mix,True,297,0.13167595863342285,21,498,498,193,305,302,0,3
sokoban_core/levels/letslogic_solved/0050_picolevels.txt#37,optimal_mix,True,668,0.31386709213256836,17,1065,1065,334,731,724,3,4
sokoban_core/levels/letslogic_solved/0050_picolevels.txt#7,optimal_mix,True,193,0.07854318618774414,17,414,414,210,204,202,2,0
sokoban_core/levels/letslogic_solved/0050_picolevels.txt#20,optimal_mix,True,1507,0.9917950630187988,17,3268,3265,917,2348,2271,2,75
sokoban_core/levels/letslogic_solved/0051_sokompact.txt#37,optimal_mix,True,1761,0.818209171295166,39,3229,3229,1451,1778,1755,0,23
sokoban_core/levels/letslogic_solved/0037_anomaly_1.txt#28,optimal_mix,True,32879,20.796448945999146,26,63380,63331,21262,42069,42016,3,50
sokoban_core/levels/letslogic_solved/0051_sokompact.txt#11,optimal_mix,True,3910,2.0559029579162598,25,7236,7212,2646,4566,4416,0,150
sokoban_core/levels/letslogic_solved/0062_dimitri_yorick.txt#46,optimal_mix,True,43,0.05142402648925781,8,176,175,39,136,112,1,23
sokoban_core/levels/letslogic_solved/0067_puzzle.txt#12,optimal_mix,True,933,0.5067999362945557,22,1749,1749,596,1153,992,1,160
sokoban_core/levels/letslogic_solved/0017_sasquatch_05.txt#3,optimal_mix,True,188222,118.80768585205078,42,300098,299320,95369,203951,196567,2,7382
sokoban_core/levels/letslogic_solved/0032_pico_cosmos.txt#14,optimal_mix,True,156676,90.13621211051941,63,252979,252841,94840,158001,157889,1,111
sokoban_core/levels/letslogic_solved/0068_sokolate.txt#22,optimal_mix,True,3888,1.915295124053955,35,6744,6736,2698,4038,3964,1,73
sokoban_core/levels/letslogic_solved/0068_sokolate.txt#29,optimal_mix,True,990,0.449631929397583,21,2182,2182,997,1185,1184,0,1
sokoban_core/levels/letslogic_solved/0068_sokolate.txt#35,optimal_mix,True,2003,0.920518159866333,39,3385,3378,1253,2125,2056,1,68
sokoban_core/levels/letslogic_solved/0068_sokolate.txt#36,optimal_mix,True,14698,6.933188199996948,31,25451,25429,10654,14775,14749,1,25
sokoban_core/levels/letslogic_solved/0068_sokolate.txt#16,optimal_mix,True,23600,15.64545488357544,22,49135,49107,18973,30134,30119,0,15
sokoban_core/levels/letslogic_solved/0068_sokolate.txt#6,optimal_mix,True,4930,2.438734769821167,25,7342,7332,2306,5026,5018,1,7
sokoban_core/levels/letslogic_solved/0072_cosmac_01.txt#7,optimal_mix,True,1085,2.7534029483795166,10,6162,6158,1280,4878,4450,1,427
sokoban_core/levels/letslogic_solved/0068_sokolate.txt#38,optimal_mix,True,22137,11.373764276504517,41,37034,37028,14071,22957,22948,2,7
sokoban_core/levels/letslogic_solved/0077_kokoban.txt#12,optimal_mix,True,14388,7.449306964874268,68,25178,25100,9770,15330,13881,2,1447
sokoban_core/levels/letslogic_solved/0067_puzzle.txt#93,optimal_mix,True,40586,32.848443031311035,16,83707,83588,12348,71240,71093,2,145
sokoban_core/levels/letslogic_solved/0082_scoria_01.txt#17,optimal_mix,True,331,0.14646100997924805,15,685,685,276,409,404,1,4
sokoban_core/levels/letslogic_solved/0082_scoria_01.txt#4,optimal_mix,True,163,0.08183097839355469,16,280,280,94,186,183,2,1
sokoban_core/levels/letslogic_solved/0082_scoria_01.txt#7,optimal_mix,True,446,0.22243523597717285,15,840,840,305,535,524,0,11
sokoban_core/levels/letslogic_solved/0084_scoria_03.txt#9,optimal_mix,True,22205,14.961755990982056,25,43438,43340,15627,27713,27643,1,69
sokoban_core/levels/letslogic_solved/0089_microban_03.txt#68,optimal_mix,True,166,0.0993189811706543,21,420,420,191,229,225,1,3
sokoban_core/levels/letslogic_solved/0089_microban_03.txt#77,optimal_mix,True,45,0.040567636489868164,11,114,114,22,92,92,0,0
sokoban_core/levels/letslogic_solved/0089_microban_03.txt#82,optimal_mix,True,108,0.10450100898742676,8,327,327,121,206,206,0,0
sokoban_core/levels/letslogic_solved/0089_microban_03.txt#95,optimal_mix,True,353,0.22103500366210938,20,797,797,336,461,459,1,1
sokoban_core/levels/letslogic_solved/0090_v2010.txt#44,optimal_mix,True,19645,9.98088002204895,41,31432,31392,10885,20507,20401,1,105
sokoban_core/levels/letslogic_solved/0090_v2010.txt#48,optimal_mix,True,2199,1.16019606590271,52,3605,3605,1227,2378,2373,0,5
sokoban_core/levels/letslogic_solved/0018_sasquatch_06.txt#19,optimal_mix,False,159507,180.00337100028992,-1,507769,507473,190499,316974,316660,0,314
sokoban_core/levels/letslogic_solved/0090_v2010.txt#66,optimal_mix,True,6823,3.4255502223968506,54,9795,9795,2637,7158,7097,1,60
sokoban_core/levels/letslogic_solved/0059_the_cantrip_collection_1.txt#5,optimal_mix,True,112240,67.9485731124878,42,195359,195312,79137,116175,116140,1,34
sokoban_core/levels/letslogic_solved/0023_grigr_2001.txt#19,optimal_mix,False,117771,180.00281286239624,-1,383850,383850,74085,309765,309765,0,0
sokoban_core/levels/letslogic_solved/0092_verticle_mobility.txt#26,optimal_mix,True,973,0.41016507148742676,30,1713,1713,710,1003,998,1,4
sokoban_core/levels/letslogic_solved/0092_verticle_mobility.txt#30,optimal_mix,True,1524,0.8263669013977051,29,2547,2546,790,1756,1747,0,9
sokoban_core/levels/letslogic_solved/0092_verticle_mobility.txt#19,optimal_mix,True,6204,3.6480977535247803,28,12747,12747,5934,6813,6806,1,6
sokoban_core/levels/letslogic_solved/0092_verticle_mobility.txt#31,optimal_mix,True,6975,3.670095205307007,37,13785,13781,6450,7331,7322,1,8
sokoban_core/levels/letslogic_solved/0106_revenge_01.txt#28,optimal_mix,True,9447,5.607233047485352,25,18466,18407,6738,11669,10400,0,1269
sokoban_core/levels/letslogic_solved/0092_verticle_mobility.txt#6,optimal_mix,True,23747,14.160698890686035,20,50569,50512,21554,28958,28891,1,66
sokoban_core/levels/letslogic_solved/0106_revenge_01.txt#55,optimal_mix,True,2991,1.5551490783691406,32,5105,5105,1845,3260,3185,1,74
sokoban_core/levels/letslogic_solved/0106_revenge_01.txt#30,optimal_mix,True,11117,7.732716083526611,24,19258,19228,3243,15985,15737,0,248
sokoban_core/levels/letslogic_solved/0108_hand-made.txt#25,optimal_mix,True,35335,17.744425058364868,33,62226,62196,26582,35614,35396,0,218
sokoban_core/levels/letslogic_solved/0032_pico_cosmos.txt#8,optimal_mix,False,232888,180.00162887573242,-1,435909,435746,131633,304113,304086,0,27
sokoban_core/levels/letslogic_solved/0110_revenge_03.txt#93,optimal_mix,True,3868,2.911932945251465,22,8329,8316,1250,7066,6185,4,877
sokoban_core/levels/letslogic_solved/0108_hand-made.txt#21,optimal_mix,True,83806,49.996476888656616,35,141662,141498,46934,94564,93811,1,752
sokoban_core/levels/letslogic_solved/0092_verticle_mobility.txt#39,optimal_mix,True,128112,74.22848272323608,48,198096,198029,68100,129929,129915,1,13
sokoban_core/levels/letslogic_solved/0077_kokoban.txt#15,optimal_mix,True,252152,142.61741495132446,38,390139,390073,129011,261062,261060,2,0
sokoban_core/levels/letslogic_solved/0059_the_cantrip_collection_1.txt#4,optimal_mix,False,172663,180.0030918121338,-1,455572,455242,143925,311317,311316,0,1
sokoban_core/levels/letslogic_solved/0128_alberto_garc_a_1-3.txt#1,optimal_mix,True,7450,7.679461717605591,15,19503,19492,3661,15831,15717,3,111
sokoban_core/levels/letslogic_solved/0129_alberto_garc_a_best_4_u.txt#7,optimal_mix,True,30,0.024324893951416016,10,44,44,10,34,27,0,7
sokoban_core/levels/letslogic_solved/0077_kokoban.txt#21,optimal_mix,False,169658,180.00151085853577,-1,420711,420468,135221,285247,285011,0,236
sokoban_core/levels/letslogic_solved/0155_cosmac_02.txt#26,optimal_mix,True,16,0.017671823501586914,6,44,44,11,33,10,3,20
sokoban_core/levels/letslogic_solved/0091_flatland.txt#12,optimal_mix,False,307145,180.00006103515625,-1,482089,481255,170992,310263,309877,0,386
sokoban_core/levels/letslogic_solved/0158_cosmac_05.txt#18,optimal_mix,True,3572,4.203873872756958,17,10404,10401,1000,9401,9206,0,195
sokoban_core/levels/letslogic_solved/0158_cosmac_05.txt#19,optimal_mix,True,25422,17.211379051208496,27,48130,48037,12211,35826,35606,0,220
sokoban_core/levels/letslogic_solved/0160_cosmac_07.txt#0,optimal_mix,True,54,0.03493976593017578,7,102,102,12,90,84,2,4
sokoban_core/levels/letslogic_solved/0166_funny_template_levels.txt#0,optimal_mix,True,490,0.2001969814300537,23,919,919,421,498,493,1,4
sokoban_core/levels/letslogic_solved/0166_funny_template_levels.txt#13,optimal_mix,True,100,0.051661014556884766,17,157,157,45,112,109,0,3
sokoban_core/levels/letslogic_solved/0166_funny_template_levels.txt#27,optimal_mix,True,67,0.03815197944641113,13,145,145,56,89,89,0,0
sokoban_core/levels/letslogic_solved/0166_funny_template_levels.txt#60,optimal_mix,True,247,0.12295985221862793,20,445,441,152,289,271,1,17
sokoban_core/levels/letslogic_solved/0166_funny_template_levels.txt#63,optimal_mix,True,964,0.4252970218658447,19,1510,1510,477,1033,1032,1,0
sokoban_core/levels/letslogic_solved/0166_funny_template_levels.txt#75,optimal_mix,True,745,0.33551716804504395,24,1207,1207,375,832,831,1,0
sokoban_core/levels/letslogic_solved/0166_funny_template_levels.txt#90,optimal_mix,True,180,0.09151697158813477,19,284,284,78,206,204,0,2
sokoban_core/levels/letslogic_solved/0155_cosmac_02.txt#45,optimal_mix,True,47121,60.04113507270813,24,109375,109375,14468,94907,94734,5,168
sokoban_core/levels/letslogic_solved/0168_serg_belyaev_02.txt#61,optimal_mix,True,506,0.5648090839385986,15,1434,1433,203,1230,1201,1,28
sokoban_core/levels/letslogic_solved/0168_serg_belyaev_02.txt#63,optimal_mix,True,4202,1.9783108234405518,37,6395,6395,2105,4290,4289,0,1
sokoban_core/levels/letslogic_solved/0168_serg_belyaev_02.txt#70,optimal_mix,True,138,0.08570432662963867,11,289,289,102,187,187,0,0
sokoban_core/levels/letslogic_solved/0168_serg_belyaev_02.txt#1,optimal_mix,True,14003,8.60027289390564,27,25372,25358,8717,16641,16463,3,175
sokoban_core/levels/letslogic_solved/0109_revenge_02.txt#12,optimal_mix,False,246117,180.0015890598297,-1,459092,458013,141600,316413,315663,0,750
sokoban_core/levels/letslogic_solved/0115_tbox_04.txt#18,optimal_mix,False,180906,180.00320887565613,-1,478191,478008,163250,314758,314758,0,0
sokoban_core/levels/letslogic_solved/0169_serg_belyaev_03.txt#19,optimal_mix,True,2210,1.1759958267211914,23,4499,4499,1933,2566,2566,0,0
sokoban_core/levels/letslogic_solved/0169_serg_belyaev_03.txt#1,optimal_mix,True,11499,6.043567895889282,32,20359,20336,7754,12582,12551,1,30
sokoban_core/levels/letslogic_solved/0168_serg_belyaev_02.txt#96,optimal_mix,True,29093,16.758888244628906,28,45206,45189,13391,31798,31608,1,189
sokoban_core/levels/letslogic_solved/0170_serg_belyaev_04.txt#39,optimal_mix,True,10957,6.494038105010986,36,19573,19571,6324,13247,13246,1,0
sokoban_core/levels/letslogic_solved/0170_serg_belyaev_04.txt#17,optimal_mix,True,20788,10.270571947097778,43,31157,31157,9933,21224,21167,1,56
sokoban_core/levels/letslogic_solved/0170_serg_belyaev_04.txt#59,optimal_mix,True,12168,8.289262294769287,20,25973,25939,8500,17439,17435,1,3
sokoban_core/levels/letslogic_solved/0170_serg_belyaev_04.txt#8,optimal_mix,True,11353,5.318767786026001,35,17853,17846,6268,11578,11572,0,6
sokoban_core/levels/letslogic_solved/0115_tbox_04.txt#20,optimal_mix,False,183540,180.00224900245667,-1,430398,430029,107638,322391,322198,0,193
sokoban_core/levels/letslogic_solved/0115_tbox_04.txt#22,optimal_mix,False,162289,180.00004291534424,-1,470486,470210,149553,320657,320657,0,0
sokoban_core/levels/letslogic_solved/0170_serg_belyaev_04.txt#73,optimal_mix,True,68610,35.442781925201416,55,104402,104396,34028,70368,70329,2,37
sokoban_core/levels/letslogic_solved/0116_tbox_05.txt#11,optimal_mix,False,230326,180.00238800048828,-1,493699,493522,190467,303055,302819,0,236
sokoban_core/levels/letslogic_solved/0138_atlas_06.txt#74,optimal_mix,False,172310,180.00498914718628,-1,411775,411627,100930,310697,310514,0,183
sokoban_core/levels/letslogic_solved/0173_revenge_04.txt#25,optimal_mix,True,21577,13.766215085983276,30,37357,37287,6583,30704,21372,0,9332
sokoban_core/levels/letslogic_solved/0173_revenge_04.txt#14,optimal_mix,True,85847,47.08072805404663,33,140105,140069,42246,97823,93115,2,4706
sokoban_core/levels/letslogic_solved/0171_serg_belyaev_05.txt#53,optimal_mix,True,164939,89.96864891052246,36,269081,268969,83326,185643,185563,2,78
sokoban_core/levels/letslogic_solved/0175_revenge_06.txt#23,optimal_mix,True,13068,13.264370918273926,32,34238,34228,11279,22949,22861,2,86
sokoban_core/levels/letslogic_solved/0175_revenge_06.txt#42,optimal_mix,True,298,0.29314208030700684,14,634,634,104,530,453,0,77
sokoban_core/levels/letslogic_solved/0175_revenge_06.txt#41,optimal_mix,True,17202,17.394236087799072,23,41745,41688,12662,29026,28443,1,582
sokoban_core/levels/letslogic_solved/0177_revenge_08.txt#32,optimal_mix,True,20552,11.072152853012085,29,32131,32099,10265,21834,21734,2,98
sokoban_core/levels/letslogic_solved/0179_revenge_10.txt#46,optimal_mix,True,51,0.04273104667663574,11,136,136,34,102,86,1,15
sokoban_core/levels/letslogic_solved/0195_bugs1005_collections.txt#454,optimal_mix,True,39,0.03165793418884277,9,79,79,10,69,59,2,8
sokoban_core/levels/letslogic_solved/0195_bugs1005_collections.txt#698,optimal_mix,True,676,0.5170443058013916,14,1258,1252,1,1251,475,4,772
sokoban_core/levels/letslogic_solved/0171_serg_belyaev_05.txt#56,optimal_mix,True,199790,106.79468107223511,60,315782,315238,112976,202262,201837,2,423
sokoban_core/levels/letslogic_solved/0204_svens_collection.txt#1075,optimal_mix,True,594,0.44132518768310547,13,1217,1217,291,926,925,1,0
sokoban_core/levels/letslogic_solved/0204_svens_collection.txt#1095,optimal_mix,True,822,0.6605978012084961,13,2141,2137,608,1529,1498,1,30
sokoban_core/levels/letslogic_solved/0204_svens_collection.txt#1099,optimal_mix,True,7626,5.680798292160034,21,16363,16355,5158,11197,11020,2,175
sokoban_core/levels/letslogic_solved/0198_howard_s_levels_02.txt#11,optimal_mix,True,12043,14.897710084915161,12,44918,44900,14133,30767,30702,1,64
sokoban_core/levels/letslogic_solved/0204_svens_collection.txt#130,optimal_mix,True,15819,12.319355010986328,18,31082,31075,7898,23177,22700,1,476
sokoban_core/levels/letslogic_solved/0168_serg_belyaev_02.txt#91,optimal_mix,False,228419,180.00055694580078,-1,461118,460331,108094,352237,350433,0,1804
sokoban_core/levels/letslogic_solved/0204_svens_collection.txt#1694,optimal_mix,True,50,0.04847383499145508,10,97,96,12,84,28,1,55
sokoban_core/levels/letslogic_solved/0204_svens_collection.txt#1640,optimal_mix,True,10646,6.074663877487183,17,22598,22583,9124,13459,13266,1,192
sokoban_core/levels/letslogic_solved/0204_svens_collection.txt#1696,optimal_mix,True,1197,1.4002602100372314,11,3443,3443,1034,2409,2405,2,2
sokoban_core/levels/letslogic_solved/0204_svens_collection.txt#1702,optimal_mix,True,20467,9.684215068817139,28,30564,30555,9156,21399,21353,1,45
sokoban_core/levels/letslogic_solved/0171_serg_belyaev_05.txt#37,optimal_mix,False,289171,180.00058126449585,-1,518872,518085,192026,326059,323712,0,2347
sokoban_core/levels/letslogic_solved/0171_serg_belyaev_05.txt#47,optimal_mix,False,284579,180.00002193450928,-1,504852,504258,203445,300813,300138,0,675
sokoban_core/levels/letslogic_solved/0204_svens_collection.txt#339,optimal_mix,True,34227,30.094743013381958,26,72059,72042,13213,58829,58572,1,256
sokoban_core/levels/letslogic_solved/0204_svens_collection.txt#640,optimal_mix,True,10271,5.524655818939209,23,20584,20563,7552,13011,13011,0,0
sokoban_core/levels/letslogic_solved/0204_svens_collection.txt#691,optimal_mix,True,3361,1.4802591800689697,27,5006,5006,1596,3410,3393,2,15
sokoban_core/levels/letslogic_solved/0204_svens_collection.txt#713,optimal_mix,True,892,0.5136094093322754,24,1404,1404,404,1000,986,1,13
sokoban_core/levels/letslogic_solved/0204_svens_collection.txt#724,optimal_mix,True,16860,9.684688329696655,29,25457,25457,5568,19889,19882,2,5
sokoban_core/levels/letslogic_solved/0204_svens_collection.txt#709,optimal_mix,True,20344,16.230045080184937,20,48844,48844,17129,31715,31702,1,12
sokoban_core/levels/letslogic_solved/0204_svens_collection.txt#950,optimal_mix,True,1090,0.5749959945678711,18,2358,2356,972,1384,1379,2,3
sokoban_core/levels/letslogic_solved/0204_svens_collection.txt#951,optimal_mix,True,9396,5.416895866394043,23,17924,17913,6363,11550,11507,2,41
sokoban_core/levels/letslogic_solved/0205_microban_04.txt#21,optimal_mix,True,55,0.0739741325378418,6,193,193,22,171,168,2,1
sokoban_core/levels/letslogic_solved/0205_microban_04.txt#30,optimal_mix,True,844,0.4532809257507324,24,1658,1658,686,972,969,1,2
sokoban_core/levels/letslogic_solved/0210_revenge_13.txt#46,optimal_mix,True,184,0.08948111534118652,24,340,340,138,202,202,0,0
sokoban_core/levels/letslogic_solved/0171_serg_belyaev_05.txt#96,optimal_mix,False,227015,180.0013108253479,-1,429240,428519,104984,323535,318813,0,4722
sokoban_core/levels/letslogic_solved/0217_revenge_19.txt#24,optimal_mix,True,364,0.15087008476257324,25,510,510,127,383,377,1,5
sokoban_core/levels/letslogic_solved/0216_revenge_18.txt#1,optimal_mix,True,2017,1.2394328117370605,17,4288,4285,1599,2686,2681,2,3
sokoban_core/levels/letslogic_solved/0204_svens_collection.txt#682,optimal_mix,True,58639,35.125718116760254,29,76847,76739,3858,72881,69285,2,3594
sokoban_core/levels/letslogic_solved/0217_revenge_19.txt#35,optimal_mix,True,18566,10.43853211402893,33,36262,36241,13769,22472,22409,1,62
sokoban_core/levels/letslogic_solved/0218_symmetrixx.txt#9,optimal_mix,True,12122,8.129994869232178,20,24486,24486,7268,17218,17179,1,38
sokoban_core/levels/letslogic_solved/0222_revenge_23.txt#24,optimal_mix,True,4025,1.8119561672210693,42,6224,6220,2144,4076,2633,2,1441
sokoban_core/levels/letslogic_solved/0204_svens_collection.txt#621,optimal_mix,True,49847,68.00718593597412,14,198139,197909,62841,135068,134633,2,433
sokoban_core/levels/letslogic_solved/0222_revenge_23.txt#38,optimal_mix,True,11776,5.943280935287476,58,18226,18224,6275,11949,11825,0,124
sokoban_core/levels/letslogic_solved/0204_svens_collection.txt#729,optimal_mix,True,91635,48.7860689163208,43,131451,131423,36099,95324,94631,2,691
sokoban_core/levels/letslogic_solved/0217_revenge_19.txt#38,optimal_mix,True,80733,43.1554388999939,100,118384,118270,37398,80872,80786,1,85
sokoban_core/levels/letslogic_solved/0229_revenge_28.txt#0,optimal_mix,True,1377,0.6432628631591797,31,2286,2286,863,1423,1413,1,9
sokoban_core/levels/letslogic_solved/0230_alberto_garc_a_plus_2.txt#48,optimal_mix,True,862,0.6229779720306396,19,2112,2112,828,1284,1277,0,7
sokoban_core/levels/letslogic_solved/0230_alberto_garc_a_plus_2.txt#58,optimal_mix,True,51,0.038968801498413086,8,132,132,39,93,93,0,0
sokoban_core/levels/letslogic_solved/0230_alberto_garc_a_plus_2.txt#64,optimal_mix,True,75,0.06336712837219238,6,271,271,89,182,182,0,0
sokoban_core/levels/letslogic_solved/0230_alberto_garc_a_plus_2.txt#71,optimal_mix,True,30,0.028604745864868164,9,104,104,42,62,61,1,0
sokoban_core/levels/letslogic_solved/0230_alberto_garc_a_plus_2.txt#80,optimal_mix,True,11,0.014820098876953125,5,32,32,15,17,11,1,5
sokoban_core/levels/letslogic_solved/0230_alberto_garc_a_plus_2.txt#98,optimal_mix,True,186,0.08098578453063965,18,325,325,122,203,202,1,0
sokoban_core/levels/letslogic_solved/0226_revenge_26.txt#42,optimal_mix,True,46941,25.30671501159668,51,87905,87726,39906,47820,45878,2,1940
sokoban_core/levels/letslogic_solved/0175_revenge_06.txt#2,optimal_mix,False,173158,180.00362586975098,-1,416710,416200,127128,289072,287007,0,2065
sokoban_core/levels/letslogic_solved/0231_revenge_29.txt#30,optimal_mix,True,7797,3.6557838916778564,38,14389,14388,6385,8003,7995,1,7
sokoban_core/levels/letslogic_solved/0233_revenge_31.txt#38,optimal_mix,True,14673,7.001210927963257,39,22932,22860,7912,14948,14807,2,139
sokoban_core/levels/letslogic_solved/0232_revenge_30.txt#34,optimal_mix,True,24124,12.936734914779663,50,38097,38094,12418,25676,25633,1,42
sokoban_core/levels/letslogic_solved/0195_bugs1005_collections.txt#906,optimal_mix,False,116118,180.00041389465332,-1,250083,249082,14959,234123,85966,0,148157
sokoban_core/levels/letslogic_solved/0204_svens_collection.txt#1604,optimal_mix,False,173594,180.00147581100464,-1,541872,541856,233442,308414,308413,0,1
sokoban_core/levels/letslogic_solved/0237_revenge_34.txt#62,optimal_mix,True,161790,91.15362215042114,50,222666,222530,57619,164911,164800,1,110
sokoban_core/levels/letslogic_solved/0219_revenge_20.txt#13,optimal_mix,False,258106,180.00115609169006,-1,483172,483100,172123,310977,310864,0,113
sokoban_core/levels/letslogic_solved/0241_sokomet.txt#36,optimal_mix,True,9527,4.281166076660156,46,14960,14941,5097,9844,9774,1,69
sokoban_core/levels/letslogic_solved/0241_sokomet.txt#8,optimal_mix,True,6406,3.330655336380005,49,13111,13111,6689,6422,6391,2,29
sokoban_core/levels/letslogic_solved/0227_revenge_27.txt#44,optimal_mix,False,203982,180.00388407707214,-1,442125,441866,137941,303925,303813,0,112
sokoban_core/levels/letslogic_solved/0250_sokogen-990602_levels.txt#53,optimal_mix,True,244,0.1253509521484375,19,402,402,151,251,244,1,6
sokoban_core/levels/letslogic_solved/0281_myrio_cosmos.txt#11,optimal_mix,True,734,0.3910961151123047,22,1274,1273,508,765,764,0,1
sokoban_core/levels/letslogic_solved/0284_cosmopoly.txt#5,optimal_mix,True,1808,0.8769428730010986,34,3250,3240,1203,2037,1872,2,163
sokoban_core/levels/letslogic_solved/0228_revenge_22.txt#40,optimal_mix,False,252151,180.00056385993958,-1,449755,449524,137650,311874,311233,0,641
sokoban_core/levels/letslogic_solved/0241_sokomet.txt#15,optimal_mix,True,64454,38.71337699890137,52,87953,87713,21094,66619,60052,1,6566
sokoban_core/levels/letslogic_solved/0232_revenge_30.txt#6,optimal_mix,False,186532,180.00010418891907,-1,443659,443450,124647,318803,318476,0,327
sokoban_core/levels/letslogic_solved/0289_anomaly_3.txt#36,optimal_mix,True,17870,11.151179075241089,28,33537,33516,14203,19313,19306,1,6
sokoban_core/levels/letslogic_solved/0289_anomaly_3.txt#25,optimal_mix,True,33083,18.034358024597168,33,51536,51522,16933,34589,34583,1,5
sokoban_core/levels/letslogic_solved/0234_revenge_32.txt#11,optimal_mix,False,243300,180.0000147819519,-1,493193,492049,185085,306964,305842,0,1122
sokoban_core/levels/letslogic_solved/0295_close_to_solution.txt#27,optimal_mix,True,368,0.15978217124938965,26,624,624,237,387,381,1,5
sokoban_core/levels/letslogic_solved/0295_close_to_solution.txt#9,optimal_mix,True,256,0.12218904495239258,18,468,468,136,332,263,2,67
sokoban_core/levels/letslogic_solved/0289_anomaly_3.txt#9,optimal_mix,True,7176,3.9381790161132812,43,12703,12699,4974,7725,7723,1,1
sokoban_core/levels/letslogic_solved/0298_hail_and_solve.txt#23,optimal_mix,True,372,0.18196511268615723,23,701,701,299,402,401,1,0
sokoban_core/levels/letslogic_solved/0298_hail_and_solve.txt#29,optimal_mix,True,193,0.09973692893981934,14,422,422,151,271,232,2,37
sokoban_core/levels/letslogic_solved/0301_maps_after_all.txt#115,optimal_mix,True,176,0.11616015434265137,19,378,378,109,269,267,1,1
sokoban_core/levels/letslogic_solved/0301_maps_after_all.txt#109,optimal_mix,True,457,0.22378969192504883,20,874,874,382,492,474,1,17
sokoban_core/levels/letslogic_solved/0301_maps_after_all.txt#129,optimal_mix,True,378,0.20284509658813477,20,733,733,307,426,420,1,5
sokoban_core/levels/letslogic_solved/0301_maps_after_all.txt#140,optimal_mix,True,1263,0.6391270160675049,18,2451,2450,983,1467,1457,2,8
sokoban_core/levels/letslogic_solved/0301_maps_after_all.txt#142,optimal_mix,True,809,0.4216158390045166,20,1441,1441,432,1009,1002,1,6
sokoban_core/levels/letslogic_solved/0301_maps_after_all.txt#19,optimal_mix,True,133,0.06642889976501465,18,210,210,68,142,141,1,0
sokoban_core/levels/letslogic_solved/0301_maps_after_all.txt#23,optimal_mix,True,238,0.1322948932647705,14,376,376,90,286,283,1,2
sokoban_core/levels/letslogic_solved/0301_maps_after_all.txt#26,optimal_mix,True,78,0.043112993240356445,14,135,135,50,85,83,1,1
sokoban_core/levels/letslogic_solved/0301_maps_after_all.txt#30,optimal_mix,True,71,0.052918195724487305,12,190,189,59,130,104,1,25
sokoban_core/levels/letslogic_solved/0301_maps_after_all.txt#32,optimal_mix,True,183,0.09310507774353027,24,272,272,73,199,190,2,7
sokoban_core/levels/letslogic_solved/0301_maps_after_all.txt#36,optimal_mix,True,134,0.07160496711730957,18,210,210,62,148,147,1,0
sokoban_core/levels/letslogic_solved/0301_maps_after_all.txt#45,optimal_mix,True,41,0.03172898292541504,10,99,99,30,69,65,1,3
sokoban_core/levels/letslogic_solved/0301_maps_after_all.txt#60,optimal_mix,True,86,0.05031013488769531,14,177,177,73,104,103,1,0
sokoban_core/levels/letslogic_solved/0301_maps_after_all.txt#7,optimal_mix,True,67,0.04268193244934082,15,142,142,45,97,95,1,1
sokoban_core/levels/letslogic_solved/0301_maps_after_all.txt#71,optimal_mix,True,343,0.21433329582214355,23,769,769,370,399,396,2,1
sokoban_core/levels/letslogic_solved/0301_maps_after_all.txt#79,optimal_mix,True,176,0.11921572685241699,16,445,445,166,279,278,1,0
sokoban_core/levels/letslogic_solved/0302_orange.txt#14,optimal_mix,True,236,0.13807892799377441,26,358,358,116,242,241,1,0
sokoban_core/levels/letslogic_solved/0234_revenge_32.txt#29,optimal_mix,False,293458,180.00102496147156,-1,494880,494681,175818,318863,316289,0,2574
sokoban_core/levels/letslogic_solved/0302_orange.txt#7,optimal_mix,True,1353,0.6650581359863281,31,1803,1803,419,1384,1379,1,4
sokoban_core/levels/letslogic_solved/0302_orange.txt#9,optimal_mix,True,783,0.6151008605957031,34,1820,1815,579,1236,1188,1,47
sokoban_core/levels/letslogic_solved/0317_soko.txt#151,optimal_mix,True,5699,2.7151379585266113,32,8646,8642,2719,5923,5838,1,84
sokoban_core/levels/letslogic_solved/0317_soko.txt#194,optimal_mix,True,67,0.043951988220214844,11,142,142,47,95,74,1,20
sokoban_core/levels/letslogic_solved/0316_various.txt#20,optimal_mix,True,6432,3.211658000946045,51,12387,12380,5919,6461,6445,2,14
sokoban_core/levels/letslogic_solved/0317_soko.txt#219,optimal_mix,True,23528,12.03109884262085,40,36590,36572,12067,24505,24403,2,100
sokoban_core/levels/letslogic_solved/0317_soko.txt#225,optimal_mix,True,86,0.07784104347229004,9,251,251,77,174,173,0,1
sokoban_core/levels/letslogic_solved/0289_anomaly_3.txt#42,optimal_mix,True,60479,34.55378699302673,32,101031,100989,34357,66632,66579,1,52
sokoban_core/levels/letslogic_solved/0317_soko.txt#74,optimal_mix,True,990,0.5814869403839111,18,1768,1768,400,1368,1325,1,42
sokoban_core/levels/letslogic_solved/0317_soko.txt#76,optimal_mix,True,467,0.5776913166046143,11,1836,1836,550,1286,1282,1,3
sokoban_core/levels/letslogic_solved/0289_anomaly_3.txt#8,optimal_mix,True,47357,32.398837089538574,40,86721,86701,36097,50604,50488,2,114
sokoban_core/levels/letslogic_solved/0317_soko.txt#209,optimal_mix,True,60507,34.2927348613739,25,96661,96653,32187,64466,64465,1,0
sokoban_core/levels/letslogic_solved/0329_frantisek_pokorny.txt#13,optimal_mix,True,164,0.08559703826904297,22,325,325,143,182,182,0,0
sokoban_core/levels/letslogic_solved/0329_frantisek_pokorny.txt#22,optimal_mix,True,598,0.3088052272796631,29,1001,1001,339,662,651,0,11
sokoban_core/levels/letslogic_solved/0317_soko.txt#235,optimal_mix,True,31138,28.91252565383911,17,84390,84304,28450,55854,55852,1,1
sokoban_core/levels/letslogic_solved/0329_frantisek_pokorny.txt#61,optimal_mix,True,222,0.09173297882080078,17,431,431,201,230,230,0,0
sokoban_core/levels/letslogic_solved/0238_revenge_35.txt#41,optimal_mix,False,183802,180.00001168251038,-1,409671,409564,114491,295073,295073,0,0
sokoban_core/levels/letslogic_solved/0329_frantisek_pokorny.txt#78,optimal_mix,True,7357,3.232124090194702,43,12354,12354,4836,7518,7492,2,24
sokoban_core/levels/letslogic_solved/0330_sokostation.txt#83,optimal_mix,True,30,0.03523588180541992,8,74,74,15,59,57,0,2
sokoban_core/levels/letslogic_solved/0319_revenge_37.txt#46,optimal_mix,True,65034,36.450823068618774,67,109087,107927,42133,65794,61799,1,3994
sokoban_core/levels/letslogic_solved/0309_lined.txt#12,optimal_mix,True,148951,80.0689959526062,41,246330,245901,94643,151258,150406,0,852
sokoban_core/levels/letslogic_solved/0336_guichard.txt#20,optimal_mix,True,299,0.13754701614379883,15,428,428,120,308,304,0,4
sokoban_core/levels/letslogic_solved/0336_guichard.txt#8,optimal_mix,True,10,0.012761116027832031,5,28,28,13,15,14,1,0
sokoban_core/levels/letslogic_solved/0329_frantisek_pokorny.txt#71,optimal_mix,True,77227,39.90409016609192,50,133369,133309,55604,77705,77674,1,30
sokoban_core/levels/letslogic_solved/0338_perfect.txt#53,optimal_mix,True,92,0.10890698432922363,7,397,397,122,275,273,1,1
sokoban_core/levels/letslogic_solved/0339_revenge.txt#10,optimal_mix,True,2077,1.7306671142578125,14,5399,5397,1722,3675,3641,2,32
sokoban_core/levels/letslogic_solved/0338_perfect.txt#277,optimal_mix,True,34655,23.484735012054443,27,67762,67728,23137,44591,44222,1,368
sokoban_core/levels/letslogic_solved/0347_microban_02_variations.txt#14,optimal_mix,True,954,0.49644899368286133,16,1750,1750,576,1174,1172,1,1
sokoban_core/levels/letslogic_solved/0329_frantisek_pokorny.txt#36,optimal_mix,True,105977,78.22441482543945,32,179789,179760,46322,133438,132994,2,442
sokoban_core/levels/letslogic_solved/0348_microban_03_variations.txt#28,optimal_mix,True,37,0.02869892120361328,8,115,115,50,65,59,2,4
sokoban_core/levels/letslogic_solved/0242_revenge_36.txt#98,optimal_mix,False,329791,180.0000319480896,-1,486415,486224,154480,331744,331260,0,484
sokoban_core/levels/letslogic_solved/0355_miniatures_-_part_one_easy.txt#0,optimal_mix,True,69,0.040808916091918945,10,109,109,27,82,82,0,0
sokoban_core/levels/letslogic_solved/0355_miniatures_-_part_one_easy.txt#3,optimal_mix,True,1834,0.7490718364715576,28,2924,2924,1007,1917,1898,1,18
sokoban_core/levels/letslogic_solved/0289_anomaly_3.txt#16,optimal_mix,False,288514,180.00169706344604,-1,463246,463195,116881,346314,346170,0,144
sokoban_core/levels/letslogic_solved/0358_magic_sokoban.txt#22,optimal_mix,True,883,0.6110219955444336,12,2316,2316,848,1468,1467,1,0
sokoban_core/levels/letslogic_solved/0358_magic_sokoban.txt#32,optimal_mix,True,488,0.22870588302612305,15,1052,1052,434,618,607,0,11
sokoban_core/levels/letslogic_solved/0358_magic_sokoban.txt#35,optimal_mix,True,253,0.09563302993774414,18,446,446,183,263,260,0,3
sokoban_core/levels/letslogic_solved/0358_magic_sokoban.txt#38,optimal_mix,True,21886,11.540049076080322,39,39132,39047,15602,23445,23280,0,165
sokoban_core/levels/letslogic_solved/0358_magic_sokoban.txt#52,optimal_mix,True,3401,2.186946153640747,24,6787,6784,2627,4157,4147,2,8
sokoban_core/levels/letslogic_solved/0358_magic_sokoban.txt#62,optimal_mix,True,648,0.32633018493652344,14,1171,1171,361,810,788,1,21
sokoban_core/levels/letslogic_solved/0358_magic_sokoban.txt#69,optimal_mix,True,8734,6.024402141571045,16,18809,18755,5219,13536,13175,1,360
sokoban_core/levels/letslogic_solved/0359_magic_sokoban_2.txt#18,optimal_mix,True,126,0.06454801559448242,13,282,281,119,162,138,1,23
sokoban_core/levels/letslogic_solved/0359_magic_sokoban_2.txt#2,optimal_mix,True,20,0.01791095733642578,7,43,43,10,33,24,0,9
sokoban_core/levels/letslogic_solved/0359_magic_sokoban_2.txt#24,optimal_mix,True,428,0.230118989944458,17,794,794,233,561,554,2,5
sokoban_core/levels/letslogic_solved/0347_microban_02_variations.txt#26,optimal_mix,True,115257,72.14981412887573,35,182045,182028,46089,135939,135721,2,216
sokoban_core/levels/letslogic_solved/0403_chrysalis_collection_04.txt#16,optimal_mix,True,34254,23.010254859924316,24,58783,58767,14182,44585,44181,2,402
sokoban_core/levels/letslogic_solved/0320_payback_03.txt#5,optimal_mix,False,116267,180.00047397613525,-1,277640,277626,56759,220867,220867,0,0
sokoban_core/levels/letslogic_solved/0403_chrysalis_collection_04.txt#5,optimal_mix,True,12356,9.223196029663086,20,26847,26824,7368,19456,19445,1,10
sokoban_core/levels/letslogic_solved/0334_comet.txt#1,optimal_mix,True,271437,149.3379771709442,72,385733,385580,113675,271905,271852,2,51
sokoban_core/levels/letslogic_solved/0405_magic_sokoban_3.txt#55,optimal_mix,True,12207,7.155332088470459,33,20596,20575,6745,13830,13757,1,72
sokoban_core/levels/letslogic_solved/0410_spiros_01.txt#10,optimal_mix,True,73,0.05892491340637207,10,106,106,0,106,29,2,75
sokoban_core/levels/letslogic_solved/0410_spiros_01.txt#117,optimal_mix,True,566,0.39179205894470215,11,1327,1326,285,1041,1002,0,39
sokoban_core/levels/letslogic_solved/0410_spiros_01.txt#124,optimal_mix,True,27,0.018665313720703125,5,43,43,4,39,9,0,30
sokoban_core/levels/letslogic_solved/0410_spiros_01.txt#139,optimal_mix,True,43,0.0264129638671875,5,51,51,0,51,18,0,33
sokoban_core/levels/letslogic_solved/0410_spiros_01.txt#143,optimal_mix,True,16,0.014149188995361328,6,33,33,13,20,19,1,0
sokoban_core/levels/letslogic_solved/0410_spiros_01.txt#169,optimal_mix,True,8206,7.243203639984131,19,18631,18617,3544,15073,12837,0,2236
sokoban_core/levels/letslogic_solved/0410_spiros_01.txt#177,optimal_mix,True,783,0.582953929901123,21,1600,1583,381,1202,684,2,516
sokoban_core/levels/letslogic_solved/0410_spiros_01.txt#3,optimal_mix,True,3,0.009155035018920898,3,4,4,0,4,0,1,3
sokoban_core/levels/letslogic_solved/0410_spiros_01.txt#4,optimal_mix,True,5,0.010026216506958008,4,7,7,0,7,2,2,3
sokoban_core/levels/letslogic_solved/0410_spiros_01.txt#66,optimal_mix,True,58,0.03680300712585449,9,138,138,43,95,74,1,20
sokoban_core/levels/letslogic_solved/0410_spiros_01.txt#70,optimal_mix,True,62,0.04112076759338379,9,140,140,48,92,61,1,30
sokoban_core/levels/letslogic_solved/0410_spiros_01.txt#74,optimal_mix,True,40,0.029941082000732422,14,89,86,28,58,37,1,20
sokoban_core/levels/letslogic_solved/0410_spiros_01.txt#86,optimal_mix,True,160,0.13337206840515137,10,380,380,44,336,296,1,39
sokoban_core/levels/letslogic_solved/0410_spiros_01.txt#87,optimal_mix,True,841,0.5748858451843262,16,1788,1788,339,1449,1155,2,292
sokoban_core/levels/letslogic_solved/0410_spiros_01.txt#89,optimal_mix,True,2118,1.8592960834503174,17,4469,4462,453,4009,2665,0,1344
sokoban_core/levels/letslogic_solved/0410_spiros_01.txt#92,optimal_mix,True,355,0.3253288269042969,12,769,769,87,682,654,0,28
sokoban_core/levels/letslogic_solved/0333_star.txt#14,optimal_mix,False,230562,180.00082898139954,-1,530376,530240,232526,297714,297714,0,0
sokoban_core/levels/letslogic_solved/0411_spiros_02.txt#93,optimal_mix,True,160,0.13163495063781738,11,322,322,47,275,273,1,1
sokoban_core/levels/letslogic_solved/0411_spiros_02.txt#2,optimal_mix,True,1465,0.7765159606933594,17,2043,2043,240,1803,1768,2,33
sokoban_core/levels/letslogic_solved/0412_spiros_03.txt#96,optimal_mix,True,25733,19.8799889087677,28,55767,55583,14986,40597,35089,1,5507
sokoban_core/levels/letslogic_solved/0415_spiros_06.txt#113,optimal_mix,True,13747,8.717142105102539,19,23251,23251,6332,16919,16917,1,1
sokoban_core/levels/letslogic_solved/0422_primus_gradus_ad_olympo.txt#25,optimal_mix,True,5611,3.3339033126831055,33,9050,9047,3238,5809,5728,1,80
sokoban_core/levels/letslogic_solved/0349_microban_04_variations.txt#5,optimal_mix,True,182755,149.56519603729248,24,367412,367125,110367,256758,256573,1,184
sokoban_core/levels/letslogic_solved/0340_sasquatch_12.txt#27,optimal_mix,False,90115,180.00028204917908,-1,342263,341655,67650,274005,274005,0,0
sokoban_core/levels/letslogic_solved/0425_spiros_07.txt#83,optimal_mix,True,3391,2.7074129581451416,18,6705,6700,1411,5289,5229,0,60
sokoban_core/levels/letslogic_solved/0437_bonus.txt#22,optimal_mix,True,2083,1.0443110466003418,40,3524,3524,1304,2220,2217,0,3
sokoban_core/levels/letslogic_solved/0443_p_emysl_z_ka.txt#16,optimal_mix,True,25,0.02163076400756836,6,53,53,16,37,37,0,0
sokoban_core/levels/letslogic_solved/0443_p_emysl_z_ka.txt#46,optimal_mix,True,118,0.06660294532775879,10,246,246,92,154,152,0,2
sokoban_core/levels/letslogic_solved/0443_p_emysl_z_ka.txt#48,optimal_mix,True,2272,0.9540541172027588,49,3348,3348,1025,2323,2311,1,11
sokoban_core/levels/letslogic_solved/0443_p_emysl_z_ka.txt#54,optimal_mix,True,10876,5.397799015045166,58,14237,14237,3341,10896,10896,0,0
sokoban_core/levels/letslogic_solved/0443_p_emysl_z_ka.txt#56,optimal_mix,True,5306,2.7994110584259033,59,7118,7118,1743,5375,5366,0,9
sokoban_core/levels/letslogic_solved/0443_p_emysl_z_ka.txt#79,optimal_mix,True,2449,1.1094751358032227,24,3950,3949,1435,2514,2512,0,2
sokoban_core/levels/letslogic_solved/0457_chrysalis_collection_06.txt#48,optimal_mix,True,17871,10.205937147140503,27,29714,29706,9373,20333,20147,2,184
sokoban_core/levels/letslogic_solved/0473_sokomania.txt#42,optimal_mix,True,477,0.3788750171661377,15,920,915,250,665,44,4,617
sokoban_core/levels/letslogic_solved/0475_yasgood.txt#6,optimal_mix,True,6151,2.7998650074005127,30,10236,10234,3332,6902,6689,1,212
sokoban_core/levels/letslogic_solved/0481_c-soko.txt#10,optimal_mix,True,61,0.03210330009460449,19,125,125,53,72,64,1,7
sokoban_core/levels/letslogic_solved/0481_c-soko.txt#16,optimal_mix,True,709,0.3356308937072754,22,1202,1202,338,864,860,2,2
sokoban_core/levels/letslogic_solved/0481_c-soko.txt#20,optimal_mix,True,1980,0.9723896980285645,31,3337,3310,990,2320,1820,1,499
sokoban_core/levels/letslogic_solved/0481_c-soko.txt#24,optimal_mix,True,907,0.3978421688079834,41,1450,1450,489,961,913,1,47
sokoban_core/levels/letslogic_solved/0481_c-soko.txt#25,optimal_mix,True,364,0.20703816413879395,24,694,693,245,448,427,1,20
sokoban_core/levels/letslogic_solved/0481_c-soko.txt#27,optimal_mix,True,301,0.13154315948486328,27,560,560,242,318,318,0,0
sokoban_core/levels/letslogic_solved/0408_magic_sokoban_4.txt#26,optimal_mix,True,152126,92.16295409202576,46,214932,214932,54907,160025,159979,2,44
sokoban_core/levels/letslogic_solved/0506_roger_delaporte.txt#109,optimal_mix,True,118,0.07857084274291992,9,232,232,18,214,29,4,181
sokoban_core/levels/letslogic_solved/0506_roger_delaporte.txt#127,optimal_mix,True,562,0.2337179183959961,25,765,736,155,581,474,1,106
sokoban_core/levels/letslogic_solved/0506_roger_delaporte.txt#54,optimal_mix,True,18520,13.521003007888794,19,33631,33352,5138,28214,24262,2,3950
sokoban_core/levels/letslogic_solved/0355_miniatures_-_part_one_easy.txt#56,optimal_mix,False,211462,180.0014009475708,-1,459962,459959,160684,299275,299275,0,0
sokoban_core/levels/letslogic_solved/0359_magic_sokoban_2.txt#52,optimal_mix,True,248921,157.92926597595215,30,412691,412691,133575,279116,279088,1,27
sokoban_core/levels/letslogic_solved/0550_yasgood.txt#136,optimal_mix,True,177,0.08603119850158691,14,397,393,148,245,201,0,44
sokoban_core/levels/letslogic_solved/0508_alberto_garcia_remixed.txt#26,optimal_mix,True,16591,9.834863901138306,32,21948,21940,4931,17009,16980,1,28
sokoban_core/levels/letslogic_solved/0550_yasgood.txt#169,optimal_mix,True,1826,0.7579448223114014,38,3049,3048,1186,1862,1843,3,16
sokoban_core/levels/letslogic_solved/0550_yasgood.txt#18,optimal_mix,True,650,0.309420108795166,32,1282,1281,608,673,673,0,0
sokoban_core/levels/letslogic_solved/0550_yasgood.txt#2,optimal_mix,True,13957,6.087209939956665,54,20624,20623,6600,14023,13948,1,74
sokoban_core/levels/letslogic_solved/0550_yasgood.txt#21,optimal_mix,True,4834,2.667029619216919,68,6666,6666,1650,5016,4893,2,121
sokoban_core/levels/letslogic_solved/0436_albe.txt#69,optimal_mix,True,77339,73.5600938796997,26,160294,160180,50708,109472,108980,1,491
sokoban_core/levels/letslogic_solved/0550_yasgood.txt#183,optimal_mix,True,40678,20.834641218185425,43,59879,59852,19061,40791,40510,1,280
sokoban_core/levels/letslogic_solved/0550_yasgood.txt#211,optimal_mix,True,69420,37.18850111961365,42,113950,113844,44339,69505,69478,1,26
sokoban_core/levels/letslogic_solved/0550_yasgood.txt#94,optimal_mix,True,6965,3.2572479248046875,45,8835,8809,1639,7170,6550,1,619
sokoban_core/levels/letslogic_solved/0556_alberto_garcia_arranged.txt#116,optimal_mix,True,122,0.17165398597717285,16,368,368,121,247,198,3,46
sokoban_core/levels/letslogic_solved/0559_monry_collection.txt#101,optimal_mix,True,43,0.02726602554321289,8,83,83,26,57,51,0,6
sokoban_core/levels/letslogic_solved/0559_monry_collection.txt#13,optimal_mix,True,15,0.016338109970092773,8,36,36,16,20,19,1,0
sokoban_core/levels/letslogic_solved/0550_yasgood.txt#266,optimal_mix,True,63863,31.14274787902832,51,80164,80121,15571,64550,63878,1,671
sokoban_core/levels/letslogic_solved/0559_monry_collection.txt#199,optimal_mix,True,2071,0.98826003074646,28,3393,3393,1261,2132,2130,1,1
sokoban_core/levels/letslogic_solved/0559_monry_collection.txt#44,optimal_mix,True,122,0.05820202827453613,13,258,258,131,127,126,1,0
sokoban_core/levels/letslogic_solved/0562_alberto_multipack.txt#220,optimal_mix,True,957,0.7898180484771729,14,1906,1906,208,1698,1687,1,10
sokoban_core/levels/letslogic_solved/0563_new_year.txt#18,optimal_mix,True,5,0.013875961303710938,3,19,19,2,17,15,2,0
sokoban_core/levels/letslogic_solved/0563_new_year.txt#71,optimal_mix,True,20,0.020448923110961914,5,44,44,6,38,17,2,19
sokoban_core/levels/letslogic_solved/0559_monry_collection.txt#130,optimal_mix,True,9987,5.513870000839233,31,16891,16883,5492,11391,11336,1,54
sokoban_core/levels/letslogic_solved/0566_li_jin_you_collection.txt#10,optimal_mix,True,730,0.36997294425964355,22,1176,1176,363,813,755,1,57
sokoban_core/levels/letslogic_solved/0566_li_jin_you_collection.txt#100,optimal_mix,True,794,0.3773458003997803,25,1268,1268,410,858,847,1,10
sokoban_core/levels/letslogic_solved/0566_li_jin_you_collection.txt#103,optimal_mix,True,10,0.01624774932861328,5,24,24,2,22,22,0,0
sokoban_core/levels/letslogic_solved/0405_magic_sokoban_3.txt#53,optimal_mix,False,266356,180.00000476837158,-1,457638,457603,125472,332131,332108,0,23
sokoban_core/levels/letslogic_solved/0566_li_jin_you_collection.txt#115,optimal_mix,True,933,0.489670991897583,21,1693,1693,499,1194,1188,1,5
sokoban_core/levels/letslogic_solved/0566_li_jin_you_collection.txt#157,optimal_mix,True,5559,2.746634006500244,54,9746,9745,4112,5633,5632,1,0
sokoban_core/levels/letslogic_solved/0566_li_jin_you_collection.txt#132,optimal_mix,True,9313,5.027961015701294,28,13502,13494,3355,10139,10139,0,0
sokoban_core/levels/letslogic_solved/0566_li_jin_you_collection.txt#221,optimal_mix,True,1320,0.7701718807220459,23,2371,2370,709,1661,1632,2,27
sokoban_core/levels/letslogic_solved/0566_li_jin_you_collection.txt#227,optimal_mix,True,185,0.09847784042358398,11,373,373,91,282,176,1,105
sokoban_core/levels/letslogic_solved/0566_li_jin_you_collection.txt#24,optimal_mix,True,225,0.10647988319396973,22,349,349,111,238,214,1,23
sokoban_core/levels/letslogic_solved/0566_li_jin_you_collection.txt#259,optimal_mix,True,3935,2.2001819610595703,30,6447,6447,2034,4413,4408,0,5
sokoban_core/levels/letslogic_solved/0566_li_jin_you_collection.txt#263,optimal_mix,True,3745,2.09260892868042,32,6218,6218,2047,4171,4156,1,14
sokoban_core/levels/letslogic_solved/0566_li_jin_you_collection.txt#268,optimal_mix,True,5065,2.8205292224884033,33,8196,8196,2461,5735,5712,2,21
sokoban_core/levels/letslogic_solved/0566_li_jin_you_collection.txt#183,optimal_mix,True,27501,13.556581974029541,38,42983,42969,15428,27541,27479,2,60
sokoban_core/levels/letslogic_solved/0566_li_jin_you_collection.txt#273,optimal_mix,True,4858,2.6990411281585693,33,7789,7785,2368,5417,5415,0,2
sokoban_core/levels/letslogic_solved/0566_li_jin_you_collection.txt#275,optimal_mix,True,5353,3.0051183700561523,34,8431,8426,2525,5901,5896,1,4
sokoban_core/levels/letslogic_solved/0566_li_jin_you_collection.txt#277,optimal_mix,True,7930,4.3130340576171875,36,11793,11791,3159,8632,8618,1,13
sokoban_core/levels/letslogic_solved/0566_li_jin_you_collection.txt#288,optimal_mix,True,4600,2.676377058029175,32,7493,7493,2231,5262,5242,2,18
sokoban_core/levels/letslogic_solved/0566_li_jin_you_collection.txt#279,optimal_mix,True,7866,4.4582719802856445,37,11736,11734,2962,8772,8685,1,86
sokoban_core/levels/letslogic_solved/0413_spiros_04.txt#53,optimal_mix,False,88521,180.0074348449707,-1,289191,289191,0,289191,289191,0,0
sokoban_core/levels/letslogic_solved/0566_li_jin_you_collection.txt#302,optimal_mix,True,4794,2.6582469940185547,32,7471,7471,2166,5305,5288,2,15
sokoban_core/levels/letslogic_solved/0566_li_jin_you_collection.txt#61,optimal_mix,True,353,0.19061899185180664,20,597,597,185,412,400,1,11
sokoban_core/levels/letslogic_solved/0566_li_jin_you_collection.txt#64,optimal_mix,True,264,0.1237490177154541,16,397,397,106,291,280,2,9
sokoban_core/levels/letslogic_solved/0566_li_jin_you_collection.txt#310,optimal_mix,True,7992,4.567080020904541,35,11909,11909,2821,9088,9084,2,2
sokoban_core/levels/letslogic_solved/0567_david_w._skinner_arranged.txt#22,optimal_mix,True,3469,1.742879867553711,26,5789,5789,1850,3939,3908,1,30
sokoban_core/levels/letslogic_solved/0566_li_jin_you_collection.txt#312,optimal_mix,True,8446,4.557646036148071,36,12296,12296,2891,9405,9398,3,4
sokoban_core/levels/letslogic_solved/0574_thinking_rabbit_arranged.txt#291,optimal_mix,True,4071,3.605710744857788,22,8385,8365,2204,6161,5641,3,517
sokoban_core/levels/letslogic_solved/0574_thinking_rabbit_arranged.txt#186,optimal_mix,True,8252,4.532397031784058,29,12972,12969,3644,9325,9260,1,64
sokoban_core/levels/letslogic_solved/0577_rdlom.txt#125,optimal_mix,True,235,0.10504508018493652,11,365,365,100,265,262,2,1
sokoban_core/levels/letslogic_solved/0577_rdlom.txt#126,optimal_mix,True,125,0.07413887977600098,11,225,225,40,185,180,2,3
sokoban_core/levels/letslogic_solved/0574_thinking_rabbit_arranged.txt#414,optimal_mix,True,5050,3.6708409786224365,24,10735,10730,1777,8953,8660,0,293
sokoban_core/levels/letslogic_solved/0577_rdlom.txt#147,optimal_mix,True,584,0.395953893661499,10,1195,1193,301,892,884,0,8
sokoban_core/levels/letslogic_solved/0577_rdlom.txt#24,optimal_mix,True,1702,1.5553650856018066,10,3887,3876,627,3249,2158,2,1089
sokoban_core/levels/letslogic_solved/0578_warehouse.txt#135,optimal_mix,True,1117,1.3282380104064941,12,3201,3201,680,2521,2521,0,0
sokoban_core/levels/letslogic_solved/0578_warehouse.txt#179,optimal_mix,True,12,0.01883411407470703,12,24,24,0,24,21,1,2
sokoban_core/levels/letslogic_solved/0578_warehouse.txt#21,optimal_mix,True,14,0.01754283905029297,6,33,33,10,23,8,1,14
sokoban_core/levels/letslogic_solved/0578_warehouse.txt#27,optimal_mix,True,37,0.034567832946777344,10,97,97,20,77,55,2,20
sokoban_core/levels/letslogic_solved/0578_warehouse.txt#299,optimal_mix,True,33,0.026057958602905273,7,68,68,24,44,37,1,6
sokoban_core/levels/letslogic_solved/0578_warehouse.txt#32,optimal_mix,True,140,0.18935298919677734,10,542,542,154,388,296,3,89
sokoban_core/levels/letslogic_solved/0578_warehouse.txt#36,optimal_mix,True,2472,1.3041479587554932,26,4466,4464,1749,2715,2705,2,8
sokoban_core/levels/letslogic_solved/0577_rdlom.txt#112,optimal_mix,True,8181,5.61712908744812,23,15903,15896,4254,11642,11587,0,55
sokoban_core/levels/letslogic_solved/0600_mass_remodel.txt#100,optimal_mix,True,610,0.6088070869445801,18,1932,1932,957,975,917,0,58
sokoban_core/levels/letslogic_solved/0578_warehouse.txt#303,optimal_mix,True,4413,4.150556802749634,14,8671,8671,514,8157,8157,0,0
sokoban_core/levels/letslogic_solved/0600_mass_remodel.txt#1063,optimal_mix,True,530,0.45053696632385254,13,1090,1086,352,734,710,0,24
sokoban_core/levels/letslogic_solved/0600_mass_remodel.txt#1112,optimal_mix,True,154,0.07315778732299805,24,228,228,53,175,159,1,15
sokoban_core/levels/letslogic_solved/0600_mass_remodel.txt#113,optimal_mix,True,452,0.39457201957702637,8,1495,1495,508,987,979,1,7
sokoban_core/levels/letslogic_solved/0600_mass_remodel.txt#1172,optimal_mix,True,19,0.01896190643310547,7,41,41,13,28,25,1,2
sokoban_core/levels/letslogic_solved/0600_mass_remodel.txt#1272,optimal_mix,True,234,0.12274408340454102,17,576,576,255,321,319,1,1
sokoban_core/levels/letslogic_solved/0597_sokocreation.txt#49,optimal_mix,True,4164,4.199766159057617,10,12991,12990,3546,9444,9429,1,14
sokoban_core/levels/letslogic_solved/0600_mass_remodel.txt#1425,optimal_mix,True,44,0.03362584114074707,9,80,80,30,50,50,0,0
sokoban_core/levels/letslogic_solved/0600_mass_remodel.txt#1460,optimal_mix,True,103,0.07456469535827637,10,199,199,40,159,142,0,17
sokoban_core/levels/letslogic_solved/0600_mass_remodel.txt#1492,optimal_mix,True,14375,7.936593055725098,29,24464,24457,8854,15603,15427,0,176
sokoban_core/levels/letslogic_solved/0600_mass_remodel.txt#1552,optimal_mix,True,1137,2.064211845397949,14,4564,4564,955,3609,3586,4,19
sokoban_core/levels/letslogic_solved/0423_revenge_39.txt#6,optimal_mix,False,130777,180.00326085090637,-1,454196,453954,134415,319539,319429,0,110
sokoban_core/levels/letslogic_solved/0600_mass_remodel.txt#1020,optimal_mix,True,44375,34.595619916915894,28,87039,87035,19362,67673,67329,1,343
sokoban_core/levels/letslogic_solved/0550_yasgood.txt#234,optimal_mix,True,236089,119.46876001358032,60,311654,311544,75256,236288,235602,1,685
sokoban_core/levels/letslogic_solved/0600_mass_remodel.txt#219,optimal_mix,True,646,0.4996469020843506,10,1818,1816,583,1233,1229,1,3
sokoban_core/levels/letslogic_solved/0600_mass_remodel.txt#249,optimal_mix,True,331,0.3105900287628174,12,752,752,187,565,562,1,2
sokoban_core/levels/letslogic_solved/0486_magic_sokoban_5.txt#56,optimal_mix,True,202850,171.0624258518219,22,442580,442313,133556,308757,308614,1,142
sokoban_core/levels/letslogic_solved/0600_mass_remodel.txt#469,optimal_mix,True,890,0.47551894187927246,15,1703,1703,657,1046,1037,1,8
sokoban_core/levels/letslogic_solved/0600_mass_remodel.txt#217,optimal_mix,True,40186,23.024044036865234,48,70059,70017,27373,42644,41978,1,665
sokoban_core/levels/letslogic_solved/0600_mass_remodel.txt#216,optimal_mix,True,84860,48.901105880737305,51,150573,150459,62069,88390,83368,1,5021
sokoban_core/levels/letslogic_solved/0600_mass_remodel.txt#498,optimal_mix,True,44122,23.423569917678833,52,70880,70835,25998,44837,44775,1,61
sokoban_core/levels/letslogic_solved/0564_zig_zag_plus.txt#44,optimal_mix,True,190698,117.0813319683075,37,330085,322757,106172,216585,145320,2,71263
sokoban_core/levels/letslogic_solved/0543_secundus_gradus_ad_olympo.txt#26,optimal_mix,False,135429,180.00241994857788,-1,326903,326903,80999,245904,245904,0,0
sokoban_core/levels/letslogic_solved/0603_zone_26.txt#28,optimal_mix,True,12876,6.49474310874939,64,21253,21246,8365,12881,12860,1,20
sokoban_core/levels/letslogic_solved/0603_zone_26.txt#58,optimal_mix,True,13540,7.1209330558776855,82,24581,24573,11005,13568,13561,2,5
sokoban_core/levels/letslogic_solved/0603_zone_26.txt#49,optimal_mix,True,15631,7.91421914100647,73,24111,24109,8309,15800,15767,2,31
sokoban_core/levels/letslogic_solved/0600_mass_remodel.txt#1488,optimal_mix,True,148288,80.14370727539062,51,225806,225593,74119,151474,144030,2,7442
sokoban_core/levels/letslogic_solved/0603_zone_26.txt#30,optimal_mix,True,19445,9.856787204742432,65,29163,29140,9404,19736,19305,1,430
sokoban_core/levels/letslogic_solved/0603_zone_26.txt#101,optimal_mix,True,31709,17.062852144241333,75,54258,54230,22403,31827,31775,3,49
sokoban_core/levels/letslogic_solved/0603_zone_26.txt#7,optimal_mix,True,6681,3.107741355895996,65,10168,10165,3441,6724,6714,1,9
sokoban_core/levels/letslogic_solved/0600_mass_remodel.txt#370,optimal_mix,True,66531,52.601364850997925,24,113315,113315,22668,90647,90647,0,0
sokoban_core/levels/letslogic_solved/0600_mass_remodel.txt#894,optimal_mix,True,56994,33.052282094955444,23,97072,96963,31274,65689,65595,2,92
sokoban_core/levels/letslogic_solved/0603_zone_26.txt#61,optimal_mix,True,22467,11.426913022994995,85,32997,32987,10467,22520,22426,1,93
sokoban_core/levels/letslogic_solved/0604_v2014.txt#11,optimal_mix,True,120,0.07839608192443848,16,296,296,114,182,176,0,6
sokoban_core/levels/letslogic_solved/0603_zone_26.txt#66,optimal_mix,True,21398,10.783721923828125,56,36230,36182,14723,21459,21434,0,25
sokoban_core/levels/letslogic_solved/0603_zone_26.txt#8,optimal_mix,True,16869,8.052515029907227,52,26747,26740,9769,16971,16929,1,41
sokoban_core/levels/letslogic_solved/0609_monster_sokoban.txt#34,optimal_mix,True,1912,1.0441679954528809,35,3445,3443,1169,2274,2264,0,10
sokoban_core/levels/letslogic_solved/0604_v2014.txt#23,optimal_mix,True,9023,4.6000142097473145,36,14791,14783,5614,9169,9150,0,19
sokoban_core/levels/letslogic_solved/0621_numbered.txt#14,optimal_mix,True,15,0.021625757217407227,5,53,53,8,45,23,2,20
sokoban_core/levels/letslogic_solved/0624_suitcase_01.txt#109,optimal_mix,True,274,0.1441211700439453,22,488,488,195,293,293,0,0
sokoban_core/levels/letslogic_solved/0624_suitcase_01.txt#197,optimal_mix,True,5899,2.6911468505859375,29,9999,9933,3986,5947,5414,1,532
sokoban_core/levels/letslogic_solved/0603_zone_26.txt#72,optimal_mix,True,39145,19.48766279220581,61,63692,63646,24442,39204,39012,1,191
sokoban_core/levels/letslogic_solved/0625_suitcase_02.txt#0,optimal_mix,True,194,0.09172511100769043,18,357,356,127,229,214,0,15
sokoban_core/levels/letslogic_solved/0603_zone_26.txt#65,optimal_mix,True,50799,25.53550887107849,56,81086,81043,30174,50869,50835,1,33
sokoban_core/levels/letslogic_solved/0625_suitcase_02.txt#236,optimal_mix,True,484,0.32544684410095215,19,869,869,235,634,613,1,20
sokoban_core/levels/letslogic_solved/0624_suitcase_01.txt#238,optimal_mix,True,13000,9.855571031570435,16,24592,24579,4106,20473,20440,3,30
sokoban_core/levels/letslogic_solved/0603_zone_26.txt#84,optimal_mix,True,59596,30.947171688079834,69,101873,101857,42173,59684,59644,1,39
sokoban_core/levels/letslogic_solved/0603_zone_26.txt#62,optimal_mix,True,87893,43.18756461143494,55,140927,140799,52527,88272,88171,1,100
sokoban_core/levels/letslogic_solved/0604_v2014.txt#66,optimal_mix,True,76594,39.27160716056824,75,107866,107843,31107,76736,76717,1,18
sokoban_core/levels/letslogic_solved/0625_suitcase_02.txt#352,optimal_mix,True,58989,43.75697302818298,27,123855,123781,35066,88715,88384,1,330
sokoban_core/levels/letslogic_solved/0625_suitcase_02.txt#405,optimal_mix,True,2433,1.4866390228271484,18,3875,3875,439,3436,3133,1,302
sokoban_core/levels/letslogic_solved/0625_suitcase_02.txt#42,optimal_mix,True,8,0.011691808700561523,8,9,9,0,9,6,1,2
sokoban_core/levels/letslogic_solved/0625_suitcase_02.txt#422,optimal_mix,True,3711,2.9955790042877197,12,9763,9763,3394,6369,6360,4,5
sokoban_core/levels/letslogic_solved/0600_mass_remodel.txt#1554,optimal_mix,False,142848,180.00284624099731,-1,417538,417463,96806,320657,318731,0,1926
sokoban_core/levels/letslogic_solved/0627_suitcase_04.txt#108,optimal_mix,True,1008,0.5407729148864746,21,2051,2047,774,1273,1206,1,66
sokoban_core/levels/letslogic_solved/0627_suitcase_04.txt#166,optimal_mix,True,350,0.17279791831970215,17,596,596,185,411,399,1,11
sokoban_core/levels/letslogic_solved/0627_suitcase_04.txt#185,optimal_mix,True,707,0.6465449333190918,14,1890,1890,347,1543,1463,2,78
sokoban_core/levels/letslogic_solved/0627_suitcase_04.txt#199,optimal_mix,True,44,0.025420188903808594,12,72,72,25,47,44,0,3
sokoban_core/levels/letslogic_solved/0627_suitcase_04.txt#251,optimal_mix,True,8,0.01326894760131836,4,17,17,5,12,9,1,2
sokoban_core/levels/letslogic_solved/0627_suitcase_04.txt#256,optimal_mix,True,229,0.29881906509399414,16,952,952,381,571,493,2,76
sokoban_core/levels/letslogic_solved/0627_suitcase_04.txt#292,optimal_mix,True,390,0.32885122299194336,11,1120,1118,379,739,733,1,5
sokoban_core/levels/letslogic_solved/0627_suitcase_04.txt#297,optimal_mix,True,1702,1.1181929111480713,16,3296,3296,865,2431,2403,1,27
sokoban_core/levels/letslogic_solved/0627_suitcase_04.txt#461,optimal_mix,True,27055,21.587496757507324,29,47840,47663,11790,35873,34126,3,1744
sokoban_core/levels/letslogic_solved/0628_suitcase_05.txt#107,optimal_mix,True,50,0.062036991119384766,10,176,176,25,151,124,0,27
sokoban_core/levels/letslogic_solved/0628_suitcase_05.txt#153,optimal_mix,True,424,0.19134116172790527,16,818,818,356,462,461,1,0
sokoban_core/levels/letslogic_solved/0624_suitcase_01.txt#189,optimal_mix,False,23591,180.00743293762207,-1,110186,110159,10969,99190,99190,0,0
sokoban_core/levels/letslogic_solved/0628_suitcase_05.txt#254,optimal_mix,True,96,0.10261797904968262,8,393,393,140,253,250,0,3
sokoban_core/levels/letslogic_solved/0628_suitcase_05.txt#288,optimal_mix,True,386,0.26628804206848145,11,717,717,157,560,530,1,29
sokoban_core/levels/letslogic_solved/0628_suitcase_05.txt#405,optimal_mix,True,2327,5.7381696701049805,10,15200,15199,5331,9868,9093,1,774
sokoban_core/levels/letslogic_solved/0625_suitcase_02.txt#12,optimal_mix,False,244199,180.00015687942505,-1,423851,423835,123404,300431,300431,0,0
sokoban_core/levels/letslogic_solved/0628_suitcase_05.txt#473,optimal_mix,True,1862,1.304819107055664,15,3148,3148,573,2575,2517,0,58
sokoban_core/levels/letslogic_solved/0625_suitcase_02.txt#254,optimal_mix,False,211808,180.0024118423462,-1,406178,405413,82916,322497,322239,0,258
sokoban_core/levels/letslogic_solved/0629_suitcase_06.txt#109,optimal_mix,True,437,0.21094489097595215,19,718,705,147,558,96,2,460
sokoban_core/levels/letslogic_solved/0629_suitcase_06.txt#175,optimal_mix,True,101,0.08597302436828613,8,314,314,83,231,221,0,10
sokoban_core/levels/letslogic_solved/0629_suitcase_06.txt#117,optimal_mix,True,390,0.1969459056854248,12,841,841,351,490,474,1,15
sokoban_core/levels/letslogic_solved/0629_suitcase_06.txt#198,optimal_mix,True,273,0.21097707748413086,15,547,547,65,482,455,2,25
sokoban_core/levels/letslogic_solved/0629_suitcase_06.txt#366,optimal_mix,True,967,0.5560429096221924,15,2036,2027,544,1483,1465,3,15
sokoban_core/levels/letslogic_solved/0629_suitcase_06.txt#401,optimal_mix,True,121,0.1039891242980957,9,314,314,103,211,207,2,2
sokoban_core/levels/letslogic_solved/0629_suitcase_06.txt#99,optimal_mix,True,458,0.29442811012268066,14,988,988,348,640,620,1,19
sokoban_core/levels/letslogic_solved/0625_suitcase_02.txt#255,optimal_mix,False,101576,180.0041148662567,-1,387536,385286,51323,333963,333963,0,0
sokoban_core/levels/letslogic_solved/0625_suitcase_02.txt#282,optimal_mix,True,79261,168.28272795677185,20,351229,350476,53314,297162,281312,3,15847
sokoban_core/levels/letslogic_solved/0625_suitcase_02.txt#271,optimal_mix,False,216680,180.003497838974,-1,408090,407723,115294,292429,291800,0,629
sokoban_core/levels/letslogic_solved/0629_suitcase_06.txt#378,optimal_mix,True,39947,33.57105278968811,25,96174,95995,27172,68823,65020,0,3803
sokoban_core/levels/letslogic_solved/0626_suitcase_03.txt#472,optimal_mix,False,196511,180.0028281211853,-1,515710,515460,197489,317971,317965,0,6
sokoban_core/levels/letslogic_solved/0632_recreation.txt#541,optimal_mix,True,49518,79.74268317222595,27,166760,166631,21060,145571,142947,3,2621
sokoban_core/levels/letslogic_solved/0628_suitcase_05.txt#244,optimal_mix,False,179518,180.00147104263306,-1,417535,416900,123027,293873,293872,0,1
sokoban_core/levels/letslogic_solved/0628_suitcase_05.txt#418,optimal_mix,True,257661,146.75013780593872,76,367396,367306,107913,259393,257852,1,1540
sokoban_core/levels/letslogic_solved/0683_randoms.txt#33,optimal_mix,True,32924,16.322429895401,55,48814,48779,15424,33355,33267,1,87
sokoban_core/levels/letslogic_solved/0695_tertius_gradus_ad_olympo.txt#0,optimal_mix,True,159,0.07996892929077148,17,246,246,61,185,177,1,7
sokoban_core/levels/letslogic_solved/0695_tertius_gradus_ad_olympo.txt#1,optimal_mix,True,886,0.5990757942199707,41,1173,1173,263,910,887,0,23
sokoban_core/levels/letslogic_solved/0718_92017135.txt#18,optimal_mix,True,7414,3.7307703495025635,32,12754,12747,5166,7581,7575,0,6
sokoban_core/levels/letslogic_solved/0632_recreation.txt#749,optimal_mix,True,278741,173.38374280929565,37,486509,486151,181389,304762,304739,1,22
sokoban_core/levels/letslogic_solved/0632_recreation.txt#394,optimal_mix,False,132755,180.00096797943115,-1,375329,375273,133892,241381,241337,0,44
sokoban_core/levels/letslogic_solved/0827_original02.txt#34,optimal_mix,True,21900,18.695147037506104,18,53602,53575,18889,34686,34527,0,159
sokoban_core/levels/letslogic_solved/0635_quagmire_3.txt#21,optimal_mix,False,246624,180.00038814544678,-1,459598,459163,157185,301978,301951,0,27
sokoban_core/levels/letslogic_solved/0683_randoms.txt#13,optimal_mix,True,157895,89.73456907272339,77,224671,224629,60747,163882,163366,1,515
sokoban_core/levels/letslogic_solved/0875_easy_5_boxes.txt#14,optimal_mix,True,24177,12.627255201339722,63,34879,34875,10576,24299,23927,2,370
sokoban_core/levels/letslogic_solved/0875_easy_5_boxes.txt#28,optimal_mix,True,16574,8.094088077545166,48,28910,28899,12257,16642,16580,2,60
sokoban_core/levels/letslogic_solved/0643_ionic_catalysts_reprisal_02.txt#12,optimal_mix,False,285015,180.00009393692017,-1,519465,518858,193544,325314,323938,0,1376
sokoban_core/levels/letslogic_solved/0872_kolibri.txt#8,optimal_mix,True,57407,33.563257932662964,24,103474,103383,33430,69953,69580,2,371
sokoban_core/levels/letslogic_solved/0949_hodgepodge_collection.txt#52,optimal_mix,True,3,0.009366989135742188,3,5,5,1,4,1,0,3
sokoban_core/levels/letslogic_solved/0879_classic.txt#80,optimal_mix,True,20119,9.695512056350708,59,32275,32275,11864,20411,20377,1,33
sokoban_core/levels/letslogic_solved/0962_first_steps_-_beginner.txt#35,optimal_mix,True,159,0.07786798477172852,22,258,258,89,169,162,1,6
sokoban_core/levels/letslogic_solved/0962_first_steps_-_beginner.txt#54,optimal_mix,True,604,0.3523519039154053,14,1219,1218,354,864,838,2,24
sokoban_core/levels/letslogic_solved/0962_first_steps_-_beginner.txt#57,optimal_mix,True,603,0.26115894317626953,31,1002,1002,395,607,601,1,5
sokoban_core/levels/letslogic_solved/0953_auxial_collection.txt#94,optimal_mix,True,47682,26.524937868118286,28,78930,78911,24279,54632,54508,1,123
sokoban_core/levels/letslogic_solved/0964_25_etudes_romantiques_oubliees.txt#10,optimal_mix,True,2007,1.1679952144622803,25,3539,3538,1185,2353,2350,1,2
sokoban_core/levels/letslogic_solved/0966_zeng_xiang_hua_collection.txt#106,optimal_mix,True,87,0.06375885009765625,14,205,205,68,137,136,0,1
sokoban_core/levels/letslogic_solved/0966_zeng_xiang_hua_collection.txt#110,optimal_mix,True,1797,1.046003818511963,27,3975,3969,1736,2233,2214,1,18
sokoban_core/levels/letslogic_solved/0966_zeng_xiang_hua_collection.txt#115,optimal_mix,True,1372,0.6963050365447998,40,2307,2307,823,1484,1468,1,15
sokoban_core/levels/letslogic_solved/0966_zeng_xiang_hua_collection.txt#12,optimal_mix,True,1663,0.769428014755249,25,3139,3138,1139,1999,1896,0,103
sokoban_core/levels/letslogic_solved/0966_zeng_xiang_hua_collection.txt#127,optimal_mix,True,653,0.33400392532348633,16,1238,1237,468,769,769,0,0
sokoban_core/levels/letslogic_solved/0966_zeng_xiang_hua_collection.txt#129,optimal_mix,True,196,0.11321902275085449,13,389,389,82,307,279,0,28
sokoban_core/levels/letslogic_solved/0966_zeng_xiang_hua_collection.txt#143,optimal_mix,True,195,0.09679102897644043,11,402,402,169,233,229,0,4
sokoban_core/levels/letslogic_solved/0966_zeng_xiang_hua_collection.txt#145,optimal_mix,True,487,0.22051501274108887,17,757,757,245,512,504,1,7
sokoban_core/levels/letslogic_solved/0966_zeng_xiang_hua_collection.txt#153,optimal_mix,True,159,0.16211581230163574,9,476,476,123,353,350,2,1
sokoban_core/levels/letslogic_solved/0966_zeng_xiang_hua_collection.txt#169,optimal_mix,True,900,0.44887423515319824,24,1622,1622,655,967,962,0,5
sokoban_core/levels/letslogic_solved/0966_zeng_xiang_hua_collection.txt#173,optimal_mix,True,2158,1.098282814025879,24,4136,4134,1802,2332,2328,1,3
sokoban_core/levels/letslogic_solved/0643_ionic_catalysts_reprisal_02.txt#26,optimal_mix,False,261698,180.00149583816528,-1,551901,551050,219757,331293,331258,0,35
sokoban_core/levels/letslogic_solved/0966_zeng_xiang_hua_collection.txt#223,optimal_mix,True,616,0.36005401611328125,15,1594,1593,702,891,890,0,1
sokoban_core/levels/letslogic_solved/0966_zeng_xiang_hua_collection.txt#249,optimal_mix,True,531,0.39543700218200684,11,1107,1106,168,938,936,2,0
sokoban_core/levels/letslogic_solved/0966_zeng_xiang_hua_collection.txt#256,optimal_mix,True,4242,2.1972830295562744,50,8390,8382,3963,4419,4065,1,353
sokoban_core/levels/letslogic_solved/0962_first_steps_-_beginner.txt#65,optimal_mix,True,59335,38.85140824317932,31,119607,119559,46734,72825,72793,1,31
sokoban_core/levels/letslogic_solved/0966_zeng_xiang_hua_collection.txt#270,optimal_mix,True,925,0.7126259803771973,16,2704,2701,1018,1683,1655,1,27
sokoban_core/levels/letslogic_solved/0966_zeng_xiang_hua_collection.txt#197,optimal_mix,True,19492,10.649096012115479,60,27093,27091,6758,20333,20252,0,81
sokoban_core/levels/letslogic_solved/0966_zeng_xiang_hua_collection.txt#333,optimal_mix,True,95,0.07966494560241699,11,247,247,90,157,157,0,0
sokoban_core/levels/letslogic_solved/0966_zeng_xiang_hua_collection.txt#268,optimal_mix,True,8554,4.605162143707275,24,16779,16774,7101,9673,9669,1,3
sokoban_core/levels/letslogic_solved/0643_ionic_catalysts_reprisal_02.txt#4,optimal_mix,False,211613,180.00277304649353,-1,516167,515857,217893,297964,296782,0,1182
sokoban_core/levels/letslogic_solved/0966_zeng_xiang_hua_collection.txt#351,optimal_mix,True,572,0.5124061107635498,16,1437,1437,499,938,936,2,0
sokoban_core/levels/letslogic_solved/0966_zeng_xiang_hua_collection.txt#92,optimal_mix,True,1146,0.5719420909881592,23,2447,2447,1125,1322,1280,1,41
sokoban_core/levels/letslogic_solved/0840_beear.txt#7,optimal_mix,True,70933,91.21679091453552,19,179371,179371,25336,154035,153506,3,526
sokoban_core/levels/letslogic_solved/0966_zeng_xiang_hua_collection.txt#322,optimal_mix,True,30853,16.2697536945343,26,58759,58708,25572,33136,33063,1,72
sokoban_core/levels/letslogic_solved/0860_bruna_maria.txt#9,optimal_mix,True,175779,101.76542091369629,60,242953,242873,60396,182477,181328,2,1147
sokoban_core/levels/letslogic_solved/0966_zeng_xiang_hua_collection.txt#462,optimal_mix,True,46665,23.822339057922363,40,85365,85319,38293,47026,46998,2,26
sokoban_core/levels/letslogic_solved/0974_jupe_collection_04.txt#23,optimal_mix,True,243749,111.07065081596375,67,347754,347096,103037,244059,242585,1,1473
sokoban_core/levels/letslogic_solved/0879_classic.txt#62,optimal_mix,False,335659,180.00049304962158,-1,506609,505592,128328,377264,343470,0,33794
sokoban_core/levels/letslogic_solved/0935_jupe_collection_01.txt#23,optimal_mix,False,206466,180.00459909439087,-1,490433,490361,155578,334783,334783,0,0
