level_id,heuristic,success,nodes,runtime,solution_len
sokoban_core/levels/letslogic/solved/0001_member_levels.txt#240,gnn[speed+dl],True,25,0.9278373718261719,24
sokoban_core/levels/letslogic/solved/0001_member_levels.txt#268,gnn[speed+dl],True,6459,10.111558437347412,18
sokoban_core/levels/letslogic/solved/0001_member_levels.txt#267,gnn[speed+dl],False,18170,300.00217270851135,-1
sokoban_core/levels/letslogic/solved/0010_boxxle_02.txt#65,gnn[speed+dl],False,24299,300.01153016090393,-1
sokoban_core/levels/letslogic/solved/0060_howard_s_levels_01.txt#25,gnn[speed+dl],False,172006,300.0047125816345,-1
sokoban_core/levels/letslogic/solved/0060_howard_s_levels_01.txt#37,gnn[speed+dl],False,264526,300.0012490749359,-1
sokoban_core/levels/letslogic/solved/0061_bugs_collection.txt#31,gnn[speed+dl],False,292349,300.0000069141388,-1
sokoban_core/levels/letslogic/solved/0018_sasquatch_06.txt#25,gnn[speed+dl],False,54293,300.00547885894775,-1
sokoban_core/levels/letslogic/solved/0061_bugs_collection.txt#37,gnn[speed+dl],False,422881,300.0030245780945,-1
sokoban_core/levels/letslogic/solved/0001_member_levels.txt#279,gnn[speed+dl],False,96473,300.0001571178436,-1
sokoban_core/levels/letslogic/solved/0061_bugs_collection.txt#7,gnn[speed+dl],False,47698,300.0176012516022,-1
sokoban_core/levels/letslogic/solved/0086_attrition_02.txt#8,gnn[speed+dl],False,506081,300.0007960796356,-1
sokoban_core/levels/letslogic/solved/0067_puzzle.txt#66,gnn[speed+dl],False,457080,300.0048668384552,-1
sokoban_core/levels/letslogic/solved/0060_howard_s_levels_01.txt#19,gnn[speed+dl],False,374639,300.0001645088196,-1
sokoban_core/levels/letslogic/solved/0067_puzzle.txt#16,gnn[speed+dl],False,62460,300.00115990638733,-1
sokoban_core/levels/letslogic/solved/0085_attrition_01.txt#25,gnn[speed+dl],False,45423,300.0135848522186,-1
sokoban_core/levels/letslogic/solved/0085_attrition_01.txt#15,gnn[speed+dl],False,566094,300.0026607513428,-1
sokoban_core/levels/letslogic/solved/0061_bugs_collection.txt#34,gnn[speed+dl],False,301669,300.00513648986816,-1
sokoban_core/levels/letslogic/solved/0010_boxxle_02.txt#38,gnn[speed+dl],False,117709,300.00033593177795,-1
sokoban_core/levels/letslogic/solved/0061_bugs_collection.txt#6,gnn[speed+dl],False,42198,300.01678943634033,-1
sokoban_core/levels/letslogic/solved/0102_serg_belyaev_01.txt#22,gnn[speed+dl],False,536858,300.00058460235596,-1
sokoban_core/levels/letslogic/solved/0028_serena_01.txt#28,gnn[speed+dl],False,322583,300.00012493133545,-1
sokoban_core/levels/letslogic/solved/0085_attrition_01.txt#16,gnn[speed+dl],False,275039,300.00538301467896,-1
sokoban_core/levels/letslogic/solved/0085_attrition_01.txt#24,gnn[speed+dl],False,236202,300.00016927719116,-1
sokoban_core/levels/letslogic/solved/0072_cosmac_01.txt#17,gnn[speed+dl],False,144965,300.00558519363403,-1
sokoban_core/levels/letslogic/solved/0067_puzzle.txt#99,gnn[speed+dl],False,126386,300.00805735588074,-1
sokoban_core/levels/letslogic/solved/0069_atlas_01.txt#48,gnn[speed+dl],False,117605,300.00290727615356,-1
sokoban_core/levels/letslogic/solved/0001_member_levels.txt#608,gnn[speed+dl],False,209828,300.0001871585846,-1
sokoban_core/levels/letslogic/solved/0001_member_levels.txt#269,gnn[speed+dl],False,367380,300.002201795578,-1
sokoban_core/levels/letslogic/solved/0010_boxxle_02.txt#114,gnn[speed+dl],False,295671,300.0043432712555,-1
sokoban_core/levels/letslogic/solved/0105_81.txt#17,gnn[speed+dl],False,267222,300.00326204299927,-1
sokoban_core/levels/letslogic/solved/0072_cosmac_01.txt#24,gnn[speed+dl],False,155349,300.013667345047,-1
sokoban_core/levels/letslogic/solved/0119_atlas_02.txt#68,gnn[speed+dl],False,198745,300.00093054771423,-1
sokoban_core/levels/letslogic/solved/0119_atlas_02.txt#69,gnn[speed+dl],False,66538,300.0021770000458,-1
sokoban_core/levels/letslogic/solved/0190_bugs_collection_2.txt#8,gnn[speed+dl],True,29,0.12446808815002441,23
sokoban_core/levels/letslogic/solved/0129_alberto_garc_a_best_4_u.txt#44,gnn[speed+dl],True,13286,28.918193101882935,38
sokoban_core/levels/letslogic/solved/0190_bugs_collection_2.txt#90,gnn[speed+dl],True,121530,87.53798842430115,34
sokoban_core/levels/letslogic/solved/0190_bugs_collection_2.txt#37,gnn[speed+dl],True,220840,129.69609117507935,34
sokoban_core/levels/letslogic/solved/0126_alberto_garc_a_1-1.txt#17,gnn[speed+dl],False,83941,300.00825691223145,-1
sokoban_core/levels/letslogic/solved/0131_aruba_05.txt#31,gnn[speed+dl],False,15308,300.03630566596985,-1
sokoban_core/levels/letslogic/solved/0140_atlas_08.txt#27,gnn[speed+dl],False,98040,300.00763964653015,-1
sokoban_core/levels/letslogic/solved/0120_aruba_03.txt#5,gnn[speed+dl],False,118405,300.00026082992554,-1
sokoban_core/levels/letslogic/solved/0142_atlas_10.txt#40,gnn[speed+dl],False,13546,300.00791454315186,-1
sokoban_core/levels/letslogic/solved/0138_atlas_06.txt#39,gnn[speed+dl],False,46405,300.0237045288086,-1
sokoban_core/levels/letslogic/solved/0158_cosmac_05.txt#62,gnn[speed+dl],False,50507,300.0055801868439,-1
sokoban_core/levels/letslogic/solved/0155_cosmac_02.txt#12,gnn[speed+dl],False,250088,300.0009734630585,-1
sokoban_core/levels/letslogic/solved/0160_cosmac_07.txt#29,gnn[speed+dl],False,32865,300.003689289093,-1
sokoban_core/levels/letslogic/solved/0156_cosmac_03.txt#32,gnn[speed+dl],False,43075,300.0079491138458,-1
sokoban_core/levels/letslogic/solved/0163_cosmac_10.txt#35,gnn[speed+dl],False,28336,300.01081943511963,-1
sokoban_core/levels/letslogic/solved/0161_cosmac_08.txt#6,gnn[speed+dl],False,74089,300.0038423538208,-1
sokoban_core/levels/letslogic/solved/0178_revenge_09.txt#12,gnn[speed+dl],False,188146,300.0003283023834,-1
sokoban_core/levels/letslogic/solved/0177_revenge_08.txt#38,gnn[speed+dl],False,684890,300.0040762424469,-1
sokoban_core/levels/letslogic/solved/0178_revenge_09.txt#36,gnn[speed+dl],False,58969,300.0091485977173,-1
sokoban_core/levels/letslogic/solved/0142_atlas_10.txt#60,gnn[speed+dl],False,413103,300.0028991699219,-1
sokoban_core/levels/letslogic/solved/0158_cosmac_05.txt#64,gnn[speed+dl],False,147083,300.0010087490082,-1
sokoban_core/levels/letslogic/solved/0178_revenge_09.txt#44,gnn[speed+dl],False,127483,300.00019240379333,-1
sokoban_core/levels/letslogic/solved/0188_serena_09.txt#66,gnn[speed+dl],False,39511,300.0135405063629,-1
sokoban_core/levels/letslogic/solved/0123_aruba_04.txt#1,gnn[speed+dl],False,195057,300.00009965896606,-1
sokoban_core/levels/letslogic/solved/0185_serena_06.txt#29,gnn[speed+dl],False,43677,300.01285552978516,-1
sokoban_core/levels/letslogic/solved/0188_serena_09.txt#52,gnn[speed+dl],False,278131,300.00355553627014,-1
sokoban_core/levels/letslogic/solved/0163_cosmac_10.txt#20,gnn[speed+dl],False,166891,300.00350546836853,-1
sokoban_core/levels/letslogic/solved/0183_serena_04.txt#3,gnn[speed+dl],False,61494,300.0181019306183,-1
sokoban_core/levels/letslogic/solved/0190_bugs_collection_2.txt#18,gnn[speed+dl],False,674996,300.00195813179016,-1
sokoban_core/levels/letslogic/solved/0163_cosmac_10.txt#19,gnn[speed+dl],False,226746,300.0048842430115,-1
sokoban_core/levels/letslogic/solved/0190_bugs_collection_2.txt#36,gnn[speed+dl],False,493587,300.0045998096466,-1
sokoban_core/levels/letslogic/solved/0190_bugs_collection_2.txt#71,gnn[speed+dl],False,198451,300.0053253173828,-1
sokoban_core/levels/letslogic/solved/0190_bugs_collection_2.txt#73,gnn[speed+dl],False,80384,300.0109736919403,-1
sokoban_core/levels/letslogic/solved/0195_bugs1005_collections.txt#254,gnn[speed+dl],True,1735,10.251359224319458,14
sokoban_core/levels/letslogic/solved/0190_bugs_collection_2.txt#92,gnn[speed+dl],False,415325,300.0000870227814,-1
sokoban_core/levels/letslogic/solved/0191_bugs_collection_3.txt#13,gnn[speed+dl],False,53805,300.00511407852173,-1
sokoban_core/levels/letslogic/solved/0191_bugs_collection_3.txt#15,gnn[speed+dl],False,465686,300.0039026737213,-1
sokoban_core/levels/letslogic/solved/0202_sharpen_collection.txt#16,gnn[speed+dl],True,74367,153.77219653129578,19
sokoban_core/levels/letslogic/solved/0191_bugs_collection_3.txt#25,gnn[speed+dl],False,333943,300.0027287006378,-1
sokoban_core/levels/letslogic/solved/0195_bugs1005_collections.txt#287,gnn[speed+dl],False,53746,300.0140995979309,-1
sokoban_core/levels/letslogic/solved/0191_bugs_collection_3.txt#36,gnn[speed+dl],False,191109,300.00087332725525,-1
sokoban_core/levels/letslogic/solved/0195_bugs1005_collections.txt#244,gnn[speed+dl],False,149283,300.00275802612305,-1
sokoban_core/levels/letslogic/solved/0195_bugs1005_collections.txt#424,gnn[speed+dl],False,163946,300.00036907196045,-1
sokoban_core/levels/letslogic/solved/0195_bugs1005_collections.txt#78,gnn[speed+dl],False,311278,300.0004093647003,-1
sokoban_core/levels/letslogic/solved/0195_bugs1005_collections.txt#917,gnn[speed+dl],False,93551,300.00347995758057,-1
sokoban_core/levels/letslogic/solved/0197_bugs_550_collection.txt#343,gnn[speed+dl],False,165750,300.0032379627228,-1
sokoban_core/levels/letslogic/solved/0195_bugs1005_collections.txt#528,gnn[speed+dl],False,160036,300.00133872032166,-1
sokoban_core/levels/letslogic/solved/0197_bugs_550_collection.txt#457,gnn[speed+dl],False,31276,300.0099287033081,-1
sokoban_core/levels/letslogic/solved/0191_bugs_collection_3.txt#63,gnn[speed+dl],False,83997,300.00029134750366,-1
sokoban_core/levels/letslogic/solved/0198_howard_s_levels_02.txt#30,gnn[speed+dl],False,65686,300.00633215904236,-1
sokoban_core/levels/letslogic/solved/0195_bugs1005_collections.txt#832,gnn[speed+dl],False,105390,300.00899362564087,-1
sokoban_core/levels/letslogic/solved/0197_bugs_550_collection.txt#71,gnn[speed+dl],False,42583,300.0056245326996,-1
sokoban_core/levels/letslogic/solved/0195_bugs1005_collections.txt#602,gnn[speed+dl],False,331916,300.0011157989502,-1
sokoban_core/levels/letslogic/solved/0202_sharpen_collection.txt#2,gnn[speed+dl],False,124943,300.00147700309753,-1
sokoban_core/levels/letslogic/solved/0202_sharpen_collection.txt#30,gnn[speed+dl],False,36522,300.0138223171234,-1
sokoban_core/levels/letslogic/solved/0198_howard_s_levels_02.txt#19,gnn[speed+dl],False,100152,300.006685256958,-1
sokoban_core/levels/letslogic/solved/0204_svens_collection.txt#1722,gnn[speed+dl],False,92053,300.00039863586426,-1
sokoban_core/levels/letslogic/solved/0204_svens_collection.txt#1617,gnn[speed+dl],False,43842,300.00470542907715,-1
sokoban_core/levels/letslogic/solved/0204_svens_collection.txt#1256,gnn[speed+dl],False,132766,300.00040769577026,-1
sokoban_core/levels/letslogic/solved/0204_svens_collection.txt#266,gnn[speed+dl],False,24527,300.01643657684326,-1
sokoban_core/levels/letslogic/solved/0204_svens_collection.txt#129,gnn[speed+dl],False,131940,300.00012826919556,-1
sokoban_core/levels/letslogic/solved/0196_bugs_509_collection.txt#190,gnn[speed+dl],False,154817,300.00823044776917,-1
sokoban_core/levels/letslogic/solved/0204_svens_collection.txt#319,gnn[speed+dl],False,258127,300.00107169151306,-1
sokoban_core/levels/letslogic/solved/0204_svens_collection.txt#133,gnn[speed+dl],False,19610,300.4141960144043,-1
sokoban_core/levels/letslogic/solved/0204_svens_collection.txt#350,gnn[speed+dl],False,279060,300.00002908706665,-1
sokoban_core/levels/letslogic/solved/0204_svens_collection.txt#355,gnn[speed+dl],False,68459,300.00215673446655,-1
sokoban_core/levels/letslogic/solved/0211_revenge_14.txt#27,gnn[speed+dl],True,11210,20.355949878692627,46
sokoban_core/levels/letslogic/solved/0204_svens_collection.txt#404,gnn[speed+dl],False,166011,300.00229930877686,-1
sokoban_core/levels/letslogic/solved/0204_svens_collection.txt#435,gnn[speed+dl],False,127043,300.0004324913025,-1
sokoban_core/levels/letslogic/solved/0204_svens_collection.txt#58,gnn[speed+dl],False,24205,300.02805852890015,-1
sokoban_core/levels/letslogic/solved/0204_svens_collection.txt#591,gnn[speed+dl],False,298207,300.0027799606323,-1
sokoban_core/levels/letslogic/solved/0330_sokostation.txt#283,gnn[speed+dl],True,83569,155.73381352424622,52
sokoban_core/levels/letslogic/solved/0204_svens_collection.txt#652,gnn[speed+dl],False,90253,300.01006722450256,-1
sokoban_core/levels/letslogic/solved/0204_svens_collection.txt#868,gnn[speed+dl],False,82808,300.0086259841919,-1
sokoban_core/levels/letslogic/solved/0204_svens_collection.txt#800,gnn[speed+dl],False,69376,300.0089430809021,-1
sokoban_core/levels/letslogic/solved/0204_svens_collection.txt#880,gnn[speed+dl],False,344014,300.0012984275818,-1
sokoban_core/levels/letslogic/solved/0204_svens_collection.txt#815,gnn[speed+dl],False,40722,300.0332455635071,-1
sokoban_core/levels/letslogic/solved/0209_alphabet_soup.txt#24,gnn[speed+dl],False,22999,300.00265312194824,-1
sokoban_core/levels/letslogic/solved/0204_svens_collection.txt#982,gnn[speed+dl],False,109777,300.00396847724915,-1
sokoban_core/levels/letslogic/solved/0209_alphabet_soup.txt#7,gnn[speed+dl],False,19049,300.01803946495056,-1
sokoban_core/levels/letslogic/solved/0239_chuchubi_15.txt#4,gnn[speed+dl],False,157139,300.0005476474762,-1
sokoban_core/levels/letslogic/solved/0206_sasquatch_10.txt#12,gnn[speed+dl],False,293096,300.0027229785919,-1
sokoban_core/levels/letslogic/solved/0204_svens_collection.txt#906,gnn[speed+dl],False,60465,300.0094368457794,-1
sokoban_core/levels/letslogic/solved/0211_revenge_14.txt#25,gnn[speed+dl],False,24231,300.0284266471863,-1
sokoban_core/levels/letslogic/solved/0286_dd-2.txt#67,gnn[speed+dl],False,16472,300.00225734710693,-1
sokoban_core/levels/letslogic/solved/0211_revenge_14.txt#28,gnn[speed+dl],False,217899,300.0029492378235,-1
sokoban_core/levels/letslogic/solved/0276_bruno_druille.txt#19,gnn[speed+dl],False,241840,300.00012016296387,-1
sokoban_core/levels/letslogic/solved/0286_dd-2.txt#4,gnn[speed+dl],False,53040,300.0049226284027,-1
sokoban_core/levels/letslogic/solved/0286_dd-2.txt#73,gnn[speed+dl],False,176205,300.00113582611084,-1
sokoban_core/levels/letslogic/solved/0322_payback_04.txt#8,gnn[speed+dl],False,17933,300.0216760635376,-1
sokoban_core/levels/letslogic/solved/0213_revenge_16.txt#35,gnn[speed+dl],False,211819,300.0064215660095,-1
sokoban_core/levels/letslogic/solved/0204_svens_collection.txt#960,gnn[speed+dl],False,103253,300.00001645088196,-1
sokoban_core/levels/letslogic/solved/0330_sokostation.txt#234,gnn[speed+dl],False,151885,300.0004017353058,-1
sokoban_core/levels/letslogic/solved/0330_sokostation.txt#26,gnn[speed+dl],False,46809,300.0007371902466,-1
sokoban_core/levels/letslogic/solved/0317_soko.txt#92,gnn[speed+dl],False,559275,300.0002009868622,-1
sokoban_core/levels/letslogic/solved/0330_sokostation.txt#318,gnn[speed+dl],False,35146,300.01940059661865,-1
sokoban_core/levels/letslogic/solved/0330_sokostation.txt#339,gnn[speed+dl],False,78165,300.0107641220093,-1
sokoban_core/levels/letslogic/solved/0330_sokostation.txt#44,gnn[speed+dl],False,468538,300.00001549720764,-1
sokoban_core/levels/letslogic/solved/0339_revenge.txt#218,gnn[speed+dl],False,364633,300.0024995803833,-1
sokoban_core/levels/letslogic/solved/0342_dushi_01.txt#24,gnn[speed+dl],False,96787,300.00393199920654,-1
sokoban_core/levels/letslogic/solved/0344_payback_05.txt#18,gnn[speed+dl],False,94253,300.010290145874,-1
sokoban_core/levels/letslogic/solved/0354_monde_variations.txt#70,gnn[speed+dl],False,111616,300.0126214027405,-1
sokoban_core/levels/letslogic/solved/0355_miniatures_-_part_one_easy.txt#45,gnn[speed+dl],False,190365,300.003689289093,-1
sokoban_core/levels/letslogic/solved/0355_miniatures_-_part_one_easy.txt#47,gnn[speed+dl],False,339719,300.00450468063354,-1
sokoban_core/levels/letslogic/solved/0403_chrysalis_collection_04.txt#14,gnn[speed+dl],False,74892,300.00007462501526,-1
sokoban_core/levels/letslogic/solved/0361_sasquatch_02_arranged.txt#18,gnn[speed+dl],False,34719,300.00948214530945,-1
sokoban_core/levels/letslogic/solved/0356_miniatures_-_part_two_hard.txt#25,gnn[speed+dl],False,151987,300.00251507759094,-1
sokoban_core/levels/letslogic/solved/0411_spiros_02.txt#88,gnn[speed+dl],False,208924,300.0006990432739,-1
sokoban_core/levels/letslogic/solved/0430_payback_10.txt#23,gnn[speed+dl],False,56453,300.0100541114807,-1
sokoban_core/levels/letslogic/solved/0414_spiros_05.txt#113,gnn[speed+dl],False,14651,300.01029920578003,-1
sokoban_core/levels/letslogic/solved/0412_spiros_03.txt#76,gnn[speed+dl],False,24276,300.01632261276245,-1
sokoban_core/levels/letslogic/solved/0365_sasquatch_06_arranged.txt#6,gnn[speed+dl],False,149656,300.0008456707001,-1
sokoban_core/levels/letslogic/solved/0434_banja_koviljaca.txt#16,gnn[speed+dl],False,30431,300.0231297016144,-1
sokoban_core/levels/letslogic/solved/0434_banja_koviljaca.txt#23,gnn[speed+dl],False,281221,300.00055599212646,-1
sokoban_core/levels/letslogic/solved/0445_sokoban_junior_2.txt#6,gnn[speed+dl],False,258400,300.0013313293457,-1
sokoban_core/levels/letslogic/solved/0436_albe.txt#28,gnn[speed+dl],False,61496,300.00044322013855,-1
sokoban_core/levels/letslogic/solved/0445_sokoban_junior_2.txt#44,gnn[speed+dl],False,151666,300.00981855392456,-1
sokoban_core/levels/letslogic/solved/0444_sokoban_junior_1.txt#11,gnn[speed+dl],False,328688,300.00186038017273,-1
sokoban_core/levels/letslogic/solved/0454_drina.txt#37,gnn[speed+dl],False,33837,300.003050327301,-1
sokoban_core/levels/letslogic/solved/0454_drina.txt#54,gnn[speed+dl],False,67061,300.00074648857117,-1
sokoban_core/levels/letslogic/solved/0453_mitija_4.txt#22,gnn[speed+dl],False,72275,300.0077369213104,-1
sokoban_core/levels/letslogic/solved/0456_podrinje.txt#27,gnn[speed+dl],False,60653,300.02780175209045,-1
sokoban_core/levels/letslogic/solved/0455_park.txt#21,gnn[speed+dl],False,162891,300.00680661201477,-1
sokoban_core/levels/letslogic/solved/0455_park.txt#29,gnn[speed+dl],False,124506,300.00315952301025,-1
sokoban_core/levels/letslogic/solved/0455_park.txt#0,gnn[speed+dl],False,88645,300.00626611709595,-1
sokoban_core/levels/letslogic/solved/0434_banja_koviljaca.txt#24,gnn[speed+dl],False,281616,300.0000100135803,-1
sokoban_core/levels/letslogic/solved/0456_podrinje.txt#7,gnn[speed+dl],False,212564,300.00333070755005,-1
sokoban_core/levels/letslogic/solved/0457_chrysalis_collection_06.txt#11,gnn[speed+dl],False,52802,300.01369881629944,-1
sokoban_core/levels/letslogic/solved/0473_sokomania.txt#33,gnn[speed+dl],True,891,1.2807056903839111,32
sokoban_core/levels/letslogic/solved/0457_chrysalis_collection_06.txt#39,gnn[speed+dl],False,37877,300.0034761428833,-1
sokoban_core/levels/letslogic/solved/0460_all_remodels.txt#51,gnn[speed+dl],False,40917,300.0022175312042,-1
sokoban_core/levels/letslogic/solved/0465_cer.txt#27,gnn[speed+dl],False,48840,300.0000829696655,-1
sokoban_core/levels/letslogic/solved/0556_alberto_garcia_arranged.txt#161,gnn[speed+dl],True,9375,25.989890813827515,17
sokoban_core/levels/letslogic/solved/0466_dunav.txt#3,gnn[speed+dl],False,12451,300.0436577796936,-1
sokoban_core/levels/letslogic/solved/0510_dushi_06.txt#15,gnn[speed+dl],True,8273,94.5984628200531,13
sokoban_core/levels/letslogic/solved/0466_dunav.txt#32,gnn[speed+dl],False,62860,300.0055558681488,-1
sokoban_core/levels/letslogic/solved/0565_york_shen_collection.txt#267,gnn[speed+dl],True,22964,105.08395648002625,13
sokoban_core/levels/letslogic/solved/0577_rdlom.txt#34,gnn[speed+dl],True,416,0.8134090900421143,20
sokoban_core/levels/letslogic/solved/0466_dunav.txt#34,gnn[speed+dl],False,187869,300.0000877380371,-1
sokoban_core/levels/letslogic/solved/0466_dunav.txt#36,gnn[speed+dl],False,148154,300.0089473724365,-1
sokoban_core/levels/letslogic/solved/0468_aruba_10.txt#17,gnn[speed+dl],False,421268,300.0089008808136,-1
sokoban_core/levels/letslogic/solved/0473_sokomania.txt#1,gnn[speed+dl],False,130810,300.00080966949463,-1
sokoban_core/levels/letslogic/solved/0468_aruba_10.txt#9,gnn[speed+dl],False,276194,300.00030517578125,-1
sokoban_core/levels/letslogic/solved/0477_zika.txt#8,gnn[speed+dl],False,301586,300.0017788410187,-1
sokoban_core/levels/letslogic/solved/0483_paulje.txt#3,gnn[speed+dl],False,129701,300.0120027065277,-1
sokoban_core/levels/letslogic/solved/0504_kurt_nittel_2.txt#45,gnn[speed+dl],False,62880,300.00513100624084,-1
sokoban_core/levels/letslogic/solved/0483_paulje.txt#9,gnn[speed+dl],False,406886,300.00291085243225,-1
sokoban_core/levels/letslogic/solved/0494_chrysalis_collection_08.txt#18,gnn[speed+dl],False,231283,300.00200510025024,-1
sokoban_core/levels/letslogic/solved/0551_chrysalis_collection_09.txt#8,gnn[speed+dl],False,40045,300.000435590744,-1
sokoban_core/levels/letslogic/solved/0557_gyjgw_collection.txt#24,gnn[speed+dl],False,26511,300.00081753730774,-1
sokoban_core/levels/letslogic/solved/0484_chrysalis_variations_01.txt#64,gnn[speed+dl],False,111381,300.00569128990173,-1
sokoban_core/levels/letslogic/solved/0508_alberto_garcia_remixed.txt#45,gnn[speed+dl],False,88180,300.0056779384613,-1
sokoban_core/levels/letslogic/solved/0543_secundus_gradus_ad_olympo.txt#42,gnn[speed+dl],False,73195,300.000239610672,-1
sokoban_core/levels/letslogic/solved/0559_monry_collection.txt#230,gnn[speed+dl],False,47576,300.0021941661835,-1
sokoban_core/levels/letslogic/solved/0565_york_shen_collection.txt#221,gnn[speed+dl],False,198357,300.0003390312195,-1
sokoban_core/levels/letslogic/solved/0565_york_shen_collection.txt#180,gnn[speed+dl],False,203511,300.00009632110596,-1
sokoban_core/levels/letslogic/solved/0565_york_shen_collection.txt#254,gnn[speed+dl],False,64063,300.0034501552582,-1
sokoban_core/levels/letslogic/solved/0565_york_shen_collection.txt#288,gnn[speed+dl],False,100776,300.0079002380371,-1
sokoban_core/levels/letslogic/solved/0565_york_shen_collection.txt#73,gnn[speed+dl],False,293518,300.0074977874756,-1
sokoban_core/levels/letslogic/solved/0568_eric_f._tchong_arranged.txt#16,gnn[speed+dl],False,136291,300.0071966648102,-1
sokoban_core/levels/letslogic/solved/0568_eric_f._tchong_arranged.txt#21,gnn[speed+dl],False,164148,300.00777196884155,-1
sokoban_core/levels/letslogic/solved/0569_ghislain_martin_arranged.txt#15,gnn[speed+dl],False,64663,300.0003638267517,-1
sokoban_core/levels/letslogic/solved/0569_ghislain_martin_arranged.txt#35,gnn[speed+dl],False,87443,300.0030641555786,-1
sokoban_core/levels/letslogic/solved/0569_ghislain_martin_arranged.txt#69,gnn[speed+dl],False,161478,300.00621724128723,-1
sokoban_core/levels/letslogic/solved/0569_ghislain_martin_arranged.txt#71,gnn[speed+dl],False,137552,300.00009393692017,-1
sokoban_core/levels/letslogic/solved/0627_suitcase_04.txt#396,gnn[speed+dl],True,5700,4.718640089035034,24
sokoban_core/levels/letslogic/solved/0569_ghislain_martin_arranged.txt#74,gnn[speed+dl],False,467625,300.0027496814728,-1
sokoban_core/levels/letslogic/solved/0627_suitcase_04.txt#405,gnn[speed+dl],True,166,0.24790573120117188,26
sokoban_core/levels/letslogic/solved/0571_laizhufu_and_lzy_arranged.txt#31,gnn[speed+dl],False,39281,300.01051783561707,-1
sokoban_core/levels/letslogic/solved/0573_monry_and_panda_arranged.txt#59,gnn[speed+dl],False,151044,300.0053026676178,-1
sokoban_core/levels/letslogic/solved/0574_thinking_rabbit_arranged.txt#6,gnn[speed+dl],False,278146,300.00506472587585,-1
sokoban_core/levels/letslogic/solved/0578_warehouse.txt#204,gnn[speed+dl],False,113907,300.0154798030853,-1
sokoban_core/levels/letslogic/solved/0578_warehouse.txt#90,gnn[speed+dl],False,204160,300.00021028518677,-1
sokoban_core/levels/letslogic/solved/0597_sokocreation.txt#37,gnn[speed+dl],False,302829,300.0042812824249,-1
sokoban_core/levels/letslogic/solved/0597_sokocreation.txt#7,gnn[speed+dl],False,308338,300.00133633613586,-1
sokoban_core/levels/letslogic/solved/0597_sokocreation.txt#90,gnn[speed+dl],False,30753,300.002454996109,-1
sokoban_core/levels/letslogic/solved/0600_mass_remodel.txt#1441,gnn[speed+dl],False,122838,300.0024461746216,-1
sokoban_core/levels/letslogic/solved/0600_mass_remodel.txt#633,gnn[speed+dl],False,39085,300.00920963287354,-1
sokoban_core/levels/letslogic/solved/0600_mass_remodel.txt#709,gnn[speed+dl],False,39340,300.0028123855591,-1
sokoban_core/levels/letslogic/solved/0600_mass_remodel.txt#1098,gnn[speed+dl],False,249932,300.0005042552948,-1
sokoban_core/levels/letslogic/solved/0617_compact_catalysts_01.txt#137,gnn[speed+dl],False,22560,300.02056646347046,-1
sokoban_core/levels/letslogic/solved/0604_v2014.txt#4,gnn[speed+dl],False,27794,300.03417348861694,-1
sokoban_core/levels/letslogic/solved/0617_compact_catalysts_01.txt#25,gnn[speed+dl],False,40032,300.0105266571045,-1
sokoban_core/levels/letslogic/solved/0617_compact_catalysts_01.txt#62,gnn[speed+dl],False,115993,300.00211358070374,-1
sokoban_core/levels/letslogic/solved/0617_compact_catalysts_01.txt#19,gnn[speed+dl],False,169870,300.0044729709625,-1
sokoban_core/levels/letslogic/solved/0617_compact_catalysts_01.txt#85,gnn[speed+dl],False,457305,300.00066924095154,-1
sokoban_core/levels/letslogic/solved/0617_compact_catalysts_01.txt#37,gnn[speed+dl],False,246241,300.0020852088928,-1
sokoban_core/levels/letslogic/solved/0604_v2014.txt#5,gnn[speed+dl],False,47119,300.0003001689911,-1
sokoban_core/levels/letslogic/solved/0617_compact_catalysts_01.txt#53,gnn[speed+dl],False,267272,300.00289702415466,-1
sokoban_core/levels/letslogic/solved/0617_compact_catalysts_01.txt#86,gnn[speed+dl],False,172994,300.0004892349243,-1
sokoban_core/levels/letslogic/solved/0617_compact_catalysts_01.txt#93,gnn[speed+dl],False,261638,300.0008177757263,-1
sokoban_core/levels/letslogic/solved/0625_suitcase_02.txt#123,gnn[speed+dl],False,262430,300.0029332637787,-1
sokoban_core/levels/letslogic/solved/0626_suitcase_03.txt#203,gnn[speed+dl],False,16861,300.001416683197,-1
sokoban_core/levels/letslogic/solved/0626_suitcase_03.txt#206,gnn[speed+dl],False,22207,300.0253827571869,-1
sokoban_core/levels/letslogic/solved/0626_suitcase_03.txt#216,gnn[speed+dl],False,120063,300.0011615753174,-1
sokoban_core/levels/letslogic/solved/0626_suitcase_03.txt#264,gnn[speed+dl],False,36640,300.00610423088074,-1
sokoban_core/levels/letslogic/solved/0626_suitcase_03.txt#351,gnn[speed+dl],False,188839,300.00638461112976,-1
sokoban_core/levels/letslogic/solved/0626_suitcase_03.txt#354,gnn[speed+dl],False,179511,300.0024092197418,-1
sokoban_core/levels/letslogic/solved/0627_suitcase_04.txt#402,gnn[speed+dl],False,42090,300.0199558734894,-1
sokoban_core/levels/letslogic/solved/0628_suitcase_05.txt#132,gnn[speed+dl],False,146579,300.0046741962433,-1
sokoban_core/levels/letslogic/solved/0628_suitcase_05.txt#143,gnn[speed+dl],False,195492,300.0067284107208,-1
sokoban_core/levels/letslogic/solved/0628_suitcase_05.txt#393,gnn[speed+dl],False,48572,300.0049321651459,-1
sokoban_core/levels/letslogic/solved/0628_suitcase_05.txt#84,gnn[speed+dl],False,47156,300.01673579216003,-1
sokoban_core/levels/letslogic/solved/0629_suitcase_06.txt#190,gnn[speed+dl],False,155503,300.0072674751282,-1
sokoban_core/levels/letslogic/solved/0629_suitcase_06.txt#382,gnn[speed+dl],False,88513,300.0022842884064,-1
sokoban_core/levels/letslogic/solved/0632_recreation.txt#216,gnn[speed+dl],False,52321,300.0042426586151,-1
sokoban_core/levels/letslogic/solved/0632_recreation.txt#219,gnn[speed+dl],False,35668,300.0126962661743,-1
sokoban_core/levels/letslogic/solved/0632_recreation.txt#384,gnn[speed+dl],False,264967,300.0023612976074,-1
sokoban_core/levels/letslogic/solved/0632_recreation.txt#378,gnn[speed+dl],False,30426,300.00792598724365,-1
sokoban_core/levels/letslogic/solved/0632_recreation.txt#418,gnn[speed+dl],False,26866,300.0042119026184,-1
sokoban_core/levels/letslogic/solved/0632_recreation.txt#314,gnn[speed+dl],False,65766,300.0168857574463,-1
sokoban_core/levels/letslogic/solved/0632_recreation.txt#512,gnn[speed+dl],False,270171,300.00925064086914,-1
sokoban_core/levels/letslogic/solved/0632_recreation.txt#537,gnn[speed+dl],False,256165,300.002165555954,-1
sokoban_core/levels/letslogic/solved/0632_recreation.txt#515,gnn[speed+dl],False,425974,300.00063943862915,-1
sokoban_core/levels/letslogic/solved/0637_compact_catalysts_02.txt#129,gnn[speed+dl],False,77174,300.00463700294495,-1
sokoban_core/levels/letslogic/solved/0637_compact_catalysts_02.txt#122,gnn[speed+dl],False,164729,300.00955629348755,-1
sokoban_core/levels/letslogic/solved/0637_compact_catalysts_02.txt#113,gnn[speed+dl],False,186009,300.00237226486206,-1
sokoban_core/levels/letslogic/solved/0637_compact_catalysts_02.txt#186,gnn[speed+dl],False,83157,300.00441336631775,-1
sokoban_core/levels/letslogic/solved/0637_compact_catalysts_02.txt#199,gnn[speed+dl],False,274986,300.0006420612335,-1
sokoban_core/levels/letslogic/solved/0637_compact_catalysts_02.txt#123,gnn[speed+dl],False,218925,300.0020945072174,-1
sokoban_core/levels/letslogic/solved/0637_compact_catalysts_02.txt#131,gnn[speed+dl],False,305177,300.00742959976196,-1
sokoban_core/levels/letslogic/solved/0637_compact_catalysts_02.txt#200,gnn[speed+dl],False,47921,300.00432872772217,-1
sokoban_core/levels/letslogic/solved/0632_recreation.txt#524,gnn[speed+dl],False,228646,300.00076627731323,-1
sokoban_core/levels/letslogic/solved/0637_compact_catalysts_02.txt#201,gnn[speed+dl],False,43827,300.00770807266235,-1
sokoban_core/levels/letslogic/solved/0637_compact_catalysts_02.txt#189,gnn[speed+dl],False,48957,300.19611644744873,-1
sokoban_core/levels/letslogic/solved/0637_compact_catalysts_02.txt#29,gnn[speed+dl],False,57132,300.00598883628845,-1
sokoban_core/levels/letslogic/solved/0637_compact_catalysts_02.txt#57,gnn[speed+dl],False,283851,300.0003869533539,-1
sokoban_core/levels/letslogic/solved/0863_kids_intro_8x8.txt#7,gnn[speed+dl],True,810,0.636042594909668,15
sokoban_core/levels/letslogic/solved/0637_compact_catalysts_02.txt#59,gnn[speed+dl],False,272820,300.00012469291687,-1
sokoban_core/levels/letslogic/solved/0637_compact_catalysts_02.txt#67,gnn[speed+dl],False,281354,300.0001940727234,-1
sokoban_core/levels/letslogic/solved/0637_compact_catalysts_02.txt#85,gnn[speed+dl],False,195858,300.00060772895813,-1
sokoban_core/levels/letslogic/solved/0637_compact_catalysts_02.txt#94,gnn[speed+dl],False,160826,300.00068974494934,-1
sokoban_core/levels/letslogic/solved/0645_1_000_001_candlelights.txt#39,gnn[speed+dl],False,15519,300.0128722190857,-1
sokoban_core/levels/letslogic/solved/0650_1_000_002_candlelights.txt#12,gnn[speed+dl],False,211735,300.0002887248993,-1
sokoban_core/levels/letslogic/solved/0650_1_000_002_candlelights.txt#2,gnn[speed+dl],False,184712,300.0009820461273,-1
sokoban_core/levels/letslogic/solved/0663_compact_catalysts_03.txt#0,gnn[speed+dl],False,75349,300.00840759277344,-1
sokoban_core/levels/letslogic/solved/0663_compact_catalysts_03.txt#102,gnn[speed+dl],False,38227,300.00952982902527,-1
sokoban_core/levels/letslogic/solved/0663_compact_catalysts_03.txt#104,gnn[speed+dl],False,97748,300.00143098831177,-1
sokoban_core/levels/letslogic/solved/0663_compact_catalysts_03.txt#109,gnn[speed+dl],False,208620,300.0059823989868,-1
sokoban_core/levels/letslogic/solved/0663_compact_catalysts_03.txt#20,gnn[speed+dl],False,31046,300.0085461139679,-1
sokoban_core/levels/letslogic/solved/0951_amiami_collection.txt#0,gnn[speed+dl],True,20151,65.829580783844,21
sokoban_core/levels/letslogic/solved/0663_compact_catalysts_03.txt#22,gnn[speed+dl],False,31029,300.00408387184143,-1
sokoban_core/levels/letslogic/solved/0663_compact_catalysts_03.txt#6,gnn[speed+dl],False,13686,300.0255641937256,-1
sokoban_core/levels/letslogic/solved/0663_compact_catalysts_03.txt#29,gnn[speed+dl],False,39317,300.01558804512024,-1
sokoban_core/levels/letslogic/solved/0663_compact_catalysts_03.txt#35,gnn[speed+dl],False,113983,300.00803661346436,-1
sokoban_core/levels/letslogic/solved/0663_compact_catalysts_03.txt#89,gnn[speed+dl],False,47895,300.00221133232117,-1
sokoban_core/levels/letslogic/solved/0663_compact_catalysts_03.txt#94,gnn[speed+dl],False,157057,300.00405859947205,-1
sokoban_core/levels/letslogic/solved/0670_dushi_10.txt#17,gnn[speed+dl],False,27894,300.0146715641022,-1
sokoban_core/levels/letslogic/solved/0696_mango.txt#5,gnn[speed+dl],False,22683,300.0040006637573,-1
sokoban_core/levels/letslogic/solved/0664_compact_chaos_01.txt#20,gnn[speed+dl],False,91750,300.0050106048584,-1
sokoban_core/levels/letslogic/solved/0704_dushi_12.txt#9,gnn[speed+dl],False,105476,300.0035219192505,-1
sokoban_core/levels/letslogic/solved/0840_beear.txt#116,gnn[speed+dl],False,205885,300.01072812080383,-1
sokoban_core/levels/letslogic/solved/0840_beear.txt#17,gnn[speed+dl],False,90434,300.0029299259186,-1
sokoban_core/levels/letslogic/solved/0840_beear.txt#134,gnn[speed+dl],False,84306,300.00178837776184,-1
sokoban_core/levels/letslogic/solved/0698_sokobet.txt#20,gnn[speed+dl],False,119102,300.00350856781006,-1
sokoban_core/levels/letslogic/solved/0840_beear.txt#22,gnn[speed+dl],False,259216,300.0049192905426,-1
sokoban_core/levels/letslogic/solved/0840_beear.txt#60,gnn[speed+dl],False,47916,300.00943756103516,-1
sokoban_core/levels/letslogic/solved/0845_rikyman.txt#6,gnn[speed+dl],False,33271,300.001846075058,-1
sokoban_core/levels/letslogic/solved/0840_beear.txt#53,gnn[speed+dl],False,228353,300.00066661834717,-1
sokoban_core/levels/letslogic/solved/0888_00xian.txt#5,gnn[speed+dl],False,65489,300.00985741615295,-1
sokoban_core/levels/letslogic/solved/0922_hx.txt#16,gnn[speed+dl],False,46245,300.00803995132446,-1
sokoban_core/levels/letslogic/solved/0930_easy_version.txt#22,gnn[speed+dl],False,121992,300.0000150203705,-1
sokoban_core/levels/letslogic/solved/0930_easy_version.txt#23,gnn[speed+dl],False,109097,300.0036292076111,-1
sokoban_core/levels/letslogic/solved/0930_easy_version.txt#35,gnn[speed+dl],False,101007,300.00173020362854,-1
sokoban_core/levels/letslogic/solved/0953_auxial_collection.txt#23,gnn[speed+dl],True,19849,15.178009748458862,31
sokoban_core/levels/letslogic/solved/0966_zeng_xiang_hua_collection.txt#20,gnn[speed+dl],True,2760,20.497958421707153,25
sokoban_core/levels/letslogic/solved/0930_easy_version.txt#36,gnn[speed+dl],False,137518,300.00449419021606,-1
sokoban_core/levels/letslogic/solved/0938_abht_04.txt#43,gnn[speed+dl],False,42448,300.012273311615,-1
sokoban_core/levels/letslogic/solved/0940_kevin_collection.txt#3,gnn[speed+dl],False,12721,300.0301306247711,-1
sokoban_core/levels/letslogic/solved/0966_zeng_xiang_hua_collection.txt#77,gnn[speed+dl],True,12728,69.80947470664978,17
sokoban_core/levels/letslogic/solved/0966_zeng_xiang_hua_collection.txt#51,gnn[speed+dl],True,8902,93.3647096157074,34
sokoban_core/levels/letslogic/solved/0942_the_lost_city.txt#17,gnn[speed+dl],False,151799,300.003399848938,-1
sokoban_core/levels/letslogic/solved/0944_small_levels.txt#20,gnn[speed+dl],False,180221,300.00698590278625,-1
sokoban_core/levels/letslogic/solved/0944_small_levels.txt#38,gnn[speed+dl],False,76840,300.00801968574524,-1
sokoban_core/levels/letslogic/solved/0949_hodgepodge_collection.txt#42,gnn[speed+dl],False,172731,300.0031476020813,-1
sokoban_core/levels/letslogic/solved/0951_amiami_collection.txt#14,gnn[speed+dl],False,43766,300.0020999908447,-1
sokoban_core/levels/letslogic/solved/0966_zeng_xiang_hua_collection.txt#58,gnn[speed+dl],True,26611,162.99179553985596,40
sokoban_core/levels/letslogic/solved/0951_amiami_collection.txt#32,gnn[speed+dl],False,29183,300.03650307655334,-1
sokoban_core/levels/letslogic/solved/0953_auxial_collection.txt#53,gnn[speed+dl],False,25022,300.01087260246277,-1
sokoban_core/levels/letslogic/solved/0957_fairyland_collection.txt#30,gnn[speed+dl],False,15626,300.03143548965454,-1
sokoban_core/levels/letslogic/solved/0957_fairyland_collection.txt#4,gnn[speed+dl],False,16917,300.0024964809418,-1
sokoban_core/levels/letslogic/solved/0953_auxial_collection.txt#78,gnn[speed+dl],False,197405,300.0000162124634,-1
sokoban_core/levels/letslogic/solved/0951_amiami_collection.txt#7,gnn[speed+dl],False,116131,300.0033416748047,-1
sokoban_core/levels/letslogic/solved/0957_fairyland_collection.txt#36,gnn[speed+dl],False,119258,300.012717962265,-1
sokoban_core/levels/letslogic/solved/0966_zeng_xiang_hua_collection.txt#22,gnn[speed+dl],False,52133,300.0102791786194,-1
sokoban_core/levels/letslogic/solved/0957_fairyland_collection.txt#6,gnn[speed+dl],False,319031,300.0130407810211,-1
sokoban_core/levels/letslogic/solved/0966_zeng_xiang_hua_collection.txt#52,gnn[speed+dl],False,59491,300.0000581741333,-1
sokoban_core/levels/letslogic/solved/0966_zeng_xiang_hua_collection.txt#40,gnn[speed+dl],False,30966,300.0224058628082,-1
sokoban_core/levels/letslogic/solved/0977_daji01.txt#102,gnn[speed+dl],False,74463,300.0052788257599,-1
sokoban_core/levels/letslogic/solved/0966_zeng_xiang_hua_collection.txt#73,gnn[speed+dl],False,76103,300.0156178474426,-1
sokoban_core/levels/letslogic/solved/0966_zeng_xiang_hua_collection.txt#282,gnn[speed+dl],False,702090,300.00114703178406,-1
sokoban_core/levels/letslogic/solved/0977_daji01.txt#13,gnn[speed+dl],False,170467,300.0067090988159,-1
sokoban_core/levels/letslogic/solved/0977_daji01.txt#144,gnn[speed+dl],False,216087,300.0057888031006,-1
sokoban_core/levels/letslogic/solved/0977_daji01.txt#2,gnn[speed+dl],False,42079,300.0081582069397,-1
sokoban_core/levels/letslogic/solved/0977_daji01.txt#206,gnn[speed+dl],False,110954,300.0085115432739,-1
sokoban_core/levels/letslogic/solved/0977_daji01.txt#208,gnn[speed+dl],False,49601,300.00361156463623,-1
sokoban_core/levels/letslogic/solved/0977_daji01.txt#219,gnn[speed+dl],False,42310,300.01198053359985,-1
sokoban_core/levels/letslogic/solved/0977_daji01.txt#226,gnn[speed+dl],False,133361,300.0053234100342,-1
sokoban_core/levels/letslogic/solved/0977_daji01.txt#264,gnn[speed+dl],False,95207,300.0000162124634,-1
sokoban_core/levels/letslogic/solved/0977_daji01.txt#28,gnn[speed+dl],False,27657,300.0025441646576,-1
sokoban_core/levels/letslogic/solved/0977_daji01.txt#37,gnn[speed+dl],False,66979,300.00196051597595,-1
sokoban_core/levels/letslogic/solved/0977_daji01.txt#44,gnn[speed+dl],False,58238,300.0043308734894,-1
sokoban_core/levels/letslogic/solved/0977_daji01.txt#79,gnn[speed+dl],False,97863,300.00024032592773,-1
sokoban_core/levels/letslogic/solved/0997_xiangjiang_collection.txt#24,gnn[speed+dl],False,31020,300.0250105857849,-1
sokoban_core/levels/letslogic/solved/1021_sokoext.txt#11,gnn[speed+dl],False,340689,300.0039961338043,-1
